,startTime,endTime,control,transitionType,targetLocX,targetLocY,targetLocZ,targetRotX,targetRotY,targetRotZ,targetDimX,targetDimY,targetDimZ,targetType,uid,sid,cid,interfaceID,numClicks,draggingDuration,resetIKNum,topViewDuration,sideViewDuration,frontViewDuration,numViewSwitches,cycleLength
0,1604016748.746,1604016785.585,arrow,press/release,6.001516849736463,3.3650165589240912,-0.6649897531678579,90,0,0,0.13590579087360286,0.13590579087360286,1.0,cylinder,PGfqFYRsGoQFDqZtuEhqaIIGpZE3,-MKqqG6E51vFLAepgYfo,-MKqqIY926tE03IWsZ1Y,arrow-press/release,20,48.314,0,26.248,10.591,0.0,3,36.83899998664856
1,1604016790.74,1604016862.074,arrow,press/release,5.0321661840445895,1.1036885333094941,0.5195603460742237,90,0,0,0.13590579087360286,0.13590579087360286,1.0,cylinder,PGfqFYRsGoQFDqZtuEhqaIIGpZE3,-MKqqG6E51vFLAepgYfo,-MKqqSnJD39TPDOYFMSz,arrow-press/release,38,3208033551.978,0,-20.335,71.663,20.006,11,71.33399987220764
2,1604016900.674,1604016958.301,arrow,press/release,2.2997182431494765,1.23322583610975,-3.284204856350217,0,90,90,0.16644827468559406,1.9888125476443765,0.3720702705515305,box,PGfqFYRsGoQFDqZtuEhqaIIGpZE3,-MKqqG6E51vFLAepgYfo,-MKqqsd1b7l0YDvUXlnh,arrow-press/release,26,4812050771.662,0,-39.623,-13.338,110.588,9,57.62700009346008
3,1604016867.416,1604016896.236,arrow,press/release,2.9663014809941894,1.9874482902139041,-2.753747082971293,0,0,90,0.16644827468559406,1.9888125476443765,0.3720702705515305,box,PGfqFYRsGoQFDqZtuEhqaIIGpZE3,-MKqqG6E51vFLAepgYfo,-MKqqkWNIC0un-gMFfyd,arrow-press/release,10,1604016935.143,0,8.952,5.112,14.756,5,28.820000171661377
4,1604016962.679,1604016997.055,arrow,press/release,2.8054610232698733,2.4476034053079987,-1.8298443478367994,0,45,90,0.16644827468559406,1.9888125476443765,0.3720702705515305,box,PGfqFYRsGoQFDqZtuEhqaIIGpZE3,-MKqqG6E51vFLAepgYfo,-MKqr6lr_gMIIsAPph0P,arrow-press/release,22,3208033995.761,0,-4.016,29.481,8.911,5,34.37600016593933
5,1604112907.902,1604112973.257,panel,press/release,3.5235260153986188,2.5522585260795467,-2.1858194223615603,0,45,90,0.17179580079064335,1.8008238398613488,0.3595618658077194,box,Vd6V7v9rF6hQTazRXGueV4Q316i2,-MKwYr5UK-Ey3d84kZRY,-MKw_6tyzFP6-FPRA11m,panel-press/release,82,72.225,0,108.322,-25.049,-17.918,8,65.35500001907349
6,1604112653.42,1604112678.674,panel,press/release,2.6635252139038963,2.046769003047672,-0.5235392566189527,0,0,90,0.17179580079064335,1.8008238398613488,0.3595618658077194,box,Vd6V7v9rF6hQTazRXGueV4Q316i2,-MKwYr5UK-Ey3d84kZRY,-MKwZ8lgcbl0m4iRM2TP,panel-press/release,28,29.822,0,31.21,-4.24,-1.716,6,25.253999948501587
7,1604112590.518,1604112603.291,panel,press/release,6.343361595550538,3.4992173872841272,-0.6339209724048365,90,0,0,0.12513689705087588,0.12513689705087588,1.0,cylinder,Vd6V7v9rF6hQTazRXGueV4Q316i2,-MKwYr5UK-Ey3d84kZRY,-MKwYuPqCjFhf6oU-ggv,panel-press/release,16,1604112615.248,0,12.772,0.0,0.001,2,12.773000001907349
8,1604112684.983,1604112903.079,panel,press/release,3.2689298873483144,2.257915637670659,-3.2340446903680133,0,90,90,0.17179580079064335,1.8008238398613488,0.3595618658077194,box,Vd6V7v9rF6hQTazRXGueV4Q316i2,-MKwYr5UK-Ey3d84kZRY,-MKwZGTraLWVKkGggSl0,panel-press/release,210,628.28,5,79.533,222.968,-84.405,19,218.09599995613098
9,1604112608.753,1604112647.954,panel,press/release,5.353002527408117,3.3785639508482608,-0.1734736021032941,90,0,0,0.12513689705087588,0.12513689705087588,1.0,cylinder,Vd6V7v9rF6hQTazRXGueV4Q316i2,-MKwYr5UK-Ey3d84kZRY,-MKwYyrm3zayhz5Xr28l,panel-press/release,40,1604112517.304,0,26.665,-14.8,27.336,6,39.20099997520447
10,1604095369.45,1604095380.841,panel,press/release,4.964181009901463,1.010328307027,-1.75031408094031,90,0,0,0.12182716303506802,0.12182716303506802,1.0,cylinder,FeOvmRjARdMSF8U7FixL6lqUGWn1,-MKvWugYuXNFewdBPXjf,-MKvXD2eRDa4fkh7Mfp4,panel-press/release,16,25.562,0,9.101,2.29,0.0,2,11.391000032424927
11,1604095302.765,1604095364.308,panel,press/release,6.409685420981602,2.1170641339219287,-0.7779731791046739,90,0,0,0.12182716303506802,0.12182716303506802,1.0,cylinder,FeOvmRjARdMSF8U7FixL6lqUGWn1,-MKvWugYuXNFewdBPXjf,-MKvWxlhm0JRorwfpOY-,panel-press/release,58,117.126,0,42.253,7.477,11.813,5,61.54299998283386
12,1604095386.237,1604095462.355,panel,press/release,3.0702076530993447,2.7312653267474207,0.6943548017330388,0,0,90,0.09795375160239116,1.9244732445395523,0.34085310777264816,box,FeOvmRjARdMSF8U7FixL6lqUGWn1,-MKvWugYuXNFewdBPXjf,-MKvXH8xPZF_31dqr46T,panel-press/release,80,3208190890.302,0,106.681,4.241,-34.804,6,76.11800003051758
13,1604095466.843,1604095592.037,panel,press/release,3.4972545304000104,2.80126632879195,-3.651045077135488,0,90,90,0.09795375160239116,1.9244732445395523,0.34085310777264816,box,FeOvmRjARdMSF8U7FixL6lqUGWn1,-MKvWugYuXNFewdBPXjf,-MKvX_pQiGvL2o3_LEyg,panel-press/release,168,1604095200.975,0,92.095,-37.445,70.544,9,125.19400000572205
14,1604095597.205,1604095690.489,panel,press/release,2.45554442902838,2.4295028469829605,-2.710410547349584,0,45,90,0.09795375160239116,1.9244732445395523,0.34085310777264816,box,FeOvmRjARdMSF8U7FixL6lqUGWn1,-MKvWugYuXNFewdBPXjf,-MKvY4eKYrrQBCo5ga0n,panel-press/release,102,-116.114,0,63.005,-13.074,43.353,7,93.28400015830994
15,1604086112.116,1604086154.742,target,click,3.730690376723129,1.8901265911942948,1.027402029112051,0,45,90,0.09943323420697957,2.101824069522145,0.30472000306795655,box,5qEDQu6O6AUl0khcEu0Km3FHC6H2,-MKuyanOJLE2Iq8E9FKd,-MKuytxoxWEW5eFGPMv8,target-click,18,-1.0,0,46.097,-6.618,3.147,9,42.62600016593933
16,1604086080.345,1604086090.375,target,click,1.9307748510858445,2.7137677626065217,0.8463970838037227,0,0,90,0.09943323420697957,2.101824069522145,0.30472000306795655,box,5qEDQu6O6AUl0khcEu0Km3FHC6H2,-MKuyanOJLE2Iq8E9FKd,-MKuymCOTvI3wJjY2wm_,target-click,2,-1.0,0,10.029,-8.831,8.832,2,10.02999997138977
17,1604086073.862,1604086076.108,target,click,4.822128578791079,2.6804777836460536,-1.4554837530033746,90,0,0,0.14735687675314993,0.14735687675314993,1.0,cylinder,5qEDQu6O6AUl0khcEu0Km3FHC6H2,-MKuyanOJLE2Iq8E9FKd,-MKuykc5rXKSw5z69TxD,target-click,1,-1.0,0,0.932,1.314,0.0,2,2.246000051498413
18,1604086095.628,1604086106.969,target,click,3.7877881390054227,1.793475940362018,-3.016518598354712,0,90,90,0.09943323420697957,2.101824069522145,0.30472000306795655,box,5qEDQu6O6AUl0khcEu0Km3FHC6H2,-MKuyanOJLE2Iq8E9FKd,-MKuypwBbUUgVeiho2tK,target-click,5,-1.0,0,-5.716,13.374,3.683,4,11.341000080108643
19,1604086057.718,1604086068.135,target,click,6.480844795865439,3.1648694969233917,-0.7111721223244938,90,0,0,0.14735687675314993,0.14735687675314993,1.0,cylinder,5qEDQu6O6AUl0khcEu0Km3FHC6H2,-MKuyanOJLE2Iq8E9FKd,-MKuygfqlUjEHlbSuCtA,target-click,3,-1.0,0,10.416,0.001,0.0,2,10.41700005531311
20,1604015221.144,1604015223.281,target,click,6.312488175680183,2.018428535323923,-0.6079003761073805,90,0,0,0.12709172724378154,0.12709172724378154,1.0,cylinder,uneBgpxMO5SOMtkbAvLb9JyoZof1,-MKqkRQ1e3BdbuyKuRoT,-MKqkTaNNTAHXnjXF4_Q,target-click,2,-1.0,0,2.137,0.0,0.0,1,2.1369998455047607
21,1604015237.859,1604015244.603,target,click,2.5511390631049666,1.4527017619291036,1.612017206295735,0,0,90,0.12491206656750345,2.0692507091332635,0.3616276666303432,box,uneBgpxMO5SOMtkbAvLb9JyoZof1,-MKqkRQ1e3BdbuyKuRoT,-MKqkXfYeHYuLs0eWFk_,target-click,2,-1.0,0,11.815,-5.071,0.0,2,6.74399995803833
22,1604015228.049,1604015229.58,target,click,5.320982727742927,2.618272872310075,0.4868680115841322,90,0,0,0.12709172724378154,0.12709172724378154,1.0,cylinder,uneBgpxMO5SOMtkbAvLb9JyoZof1,-MKqkRQ1e3BdbuyKuRoT,-MKqkVHG6UKflM0neKTv,target-click,1,-1.0,0,1.531,0.0,0.0,1,1.5309998989105225
23,1604015346.589,1604015370.688,target,click,3.728233293074367,1.6872780428572258,1.8220876082374442,0,45,90,0.12491206656750345,2.0692507091332635,0.3616276666303432,box,uneBgpxMO5SOMtkbAvLb9JyoZof1,-MKqkRQ1e3BdbuyKuRoT,-MKqkxDS_4N-LSnYm9rE,target-click,10,-1.0,0,-0.369,18.801,5.667,5,24.098999977111816
24,1604015250.745,1604015341.629,target,click,2.4580678754775285,2.099931323060914,-0.962370954627116,0,90,90,0.12491206656750345,2.0692507091332635,0.3616276666303432,box,uneBgpxMO5SOMtkbAvLb9JyoZof1,-MKqkRQ1e3BdbuyKuRoT,-MKqk_ottJQUEEUotxiK,target-click,40,-1.0,3,34.342,89.009,-32.467,15,90.8840000629425
25,1604086191.637,1604086197.96,drag,press/release,6.481203084124845,2.3753323669873794,-0.7662803563862363,90,0,0,0.13620085384294292,0.13620085384294292,1.0,cylinder,eRumjKiTDRQpHDzi6vFltK0Roqn2,-MKuzA5aCX_mTQX7qsXm,-MKuzCNKSBM6NEXbJrK0,drag-press/release,2,1604086197.749,0,6.323,0.0,0.0,1,6.322999954223633
26,1604086202.044,1604086214.55,drag,press/release,4.33711556766645,2.63625794906077,-1.3380527743457558,90,0,0,0.13620085384294292,0.13620085384294292,1.0,cylinder,eRumjKiTDRQpHDzi6vFltK0Roqn2,-MKuzA5aCX_mTQX7qsXm,-MKuzEuwgfl1iD3ImgAJ,drag-press/release,6,1604086215.027,0,18.928,-7.636,1.214,3,12.50600004196167
27,1604086218.872,1604086232.251,drag,press/release,2.6764511671911397,1.706737385913021,0.6029659986350033,0,0,90,0.18386193415006657,1.8360823303129588,0.3327505434067815,box,eRumjKiTDRQpHDzi6vFltK0Roqn2,-MKuzA5aCX_mTQX7qsXm,-MKuzJ0s2Qe9gQ_560kx,drag-press/release,4,1604086237.319,0,8.256,-11.76,16.883,3,13.378999948501587
28,1604086257.184,1604086268.351,drag,press/release,2.8885042161915373,1.642151887510796,0.5947720320367278,0,45,90,0.18386193415006657,1.8360823303129588,0.3327505434067815,box,eRumjKiTDRQpHDzi6vFltK0Roqn2,-MKuzA5aCX_mTQX7qsXm,-MKuzSNVu35gAp4SNhZs,drag-press/release,8,3208172530.015,0,14.586,3.202,-6.621,4,11.16700005531311
29,1604086236.238,1604086252.953,drag,press/release,3.6501808885208296,2.2612568644594777,-3.4034742697289393,0,90,90,0.18386193415006657,1.8360823303129588,0.3327505434067815,box,eRumjKiTDRQpHDzi6vFltK0Roqn2,-MKuzA5aCX_mTQX7qsXm,-MKuzNGD9TROAZRnoSCK,drag-press/release,10,4812258738.515,0,4.578,14.384,-2.247,4,16.71500015258789
30,1604109083.406,1604109101.122,target,click,2.1219886608480594,2.4386406630845485,1.187536299961609,0,45,90,0.1510196196093763,2.1972706906145354,0.3991052954509674,box,4GKWUieTnbVqQlpgNtIHWNN2vym1,-MKwLFpvVNb0HKW_GwAB,-MKwLXBDndTNpYWaYEl7,target-click,5,-1.0,0,7.673,14.654,-4.611,5,17.716000080108643
31,1604109030.106,1604109037.087,target,click,4.249560480698717,3.4099004972468707,-0.8226855833078923,90,0,0,0.1357547876295859,0.1357547876295859,1.0,cylinder,4GKWUieTnbVqQlpgNtIHWNN2vym1,-MKwLFpvVNb0HKW_GwAB,-MKwLKAQSPcoiVNPhGn7,target-click,2,-1.0,0,6.979,5.435,-5.433,2,6.980999946594238
32,1604109041.451,1604109047.8,target,click,3.974027225733451,1.7695079768226711,-2.620632423240082,0,0,90,0.1510196196093763,2.1972706906145354,0.3991052954509674,box,4GKWUieTnbVqQlpgNtIHWNN2vym1,-MKwLFpvVNb0HKW_GwAB,-MKwLMwfidZGNBKMvViw,target-click,2,-1.0,0,0.002,1.995,4.352,3,6.348999977111816
33,1604109052.188,1604109078.462,target,click,3.7968909131806563,1.9275123275658244,1.9547267667771857,0,90,90,0.1510196196093763,2.1972706906145354,0.3991052954509674,box,4GKWUieTnbVqQlpgNtIHWNN2vym1,-MKwLFpvVNb0HKW_GwAB,-MKwLPZRICe1BL1cGTS-,target-click,6,-1.0,0,15.492,10.4,0.382,7,26.2739999294281
34,1604109021.726,1604109025.594,target,click,6.337675165609201,2.456876591698836,-0.5620928875467969,90,0,0,0.1357547876295859,0.1357547876295859,1.0,cylinder,4GKWUieTnbVqQlpgNtIHWNN2vym1,-MKwLFpvVNb0HKW_GwAB,-MKwLI7UQ090SZEvk_V5,target-click,1,-1.0,0,3.868,0.0,0.0,1,3.868000030517578
35,1604087029.916,1604087044.494,drag,press/release,3.154718265789759,1.6778695825707275,-0.6046185479277892,0,45,90,0.15891057525491714,2.1393710316277117,0.3011024125827653,box,YEke5m26ZyfKGdM6fZEHN2f3IEB3,-MKv17AK8bEsVYj5A_hS,-MKv1P1RrXa3eFZ0_hHc,drag-press/release,14,7.615,0,2.916,-2.915,14.577,4,14.57800006866455
36,1604086979.756,1604086985.432,drag,press/release,5.60193567322064,3.9652683540199307,-1.0243717237306655,90,0,0,0.13466814850809788,0.13466814850809788,1.0,cylinder,YEke5m26ZyfKGdM6fZEHN2f3IEB3,-MKv17AK8bEsVYj5A_hS,-MKv1CmgR2XM0i0kUYiZ,drag-press/release,4,3.027,0,3.782,1.894,0.0,2,5.675999879837036
37,1604087001.919,1604087025.673,drag,press/release,2.245461879736785,1.469985230952099,1.22798656383402,0,90,90,0.15891057525491714,2.1393710316277117,0.3011024125827653,box,YEke5m26ZyfKGdM6fZEHN2f3IEB3,-MKv17AK8bEsVYj5A_hS,-MKv1IBzD2IpIdA4TAJN,drag-press/release,14,1604087016.117,0,7.332,9.226,7.196,6,23.754000186920166
38,1604086989.2,1604086998.021,drag,press/release,2.739142351871329,1.8550532024945814,0.7902163563506299,0,0,90,0.15891057525491714,2.1393710316277117,0.3011024125827653,box,YEke5m26ZyfKGdM6fZEHN2f3IEB3,-MKv17AK8bEsVYj5A_hS,-MKv1F5GrnKyf85S2kXF,drag-press/release,6,1604087000.73,0,7.79,3.198,-2.167,4,8.82099986076355
39,1604086971.85,1604086975.753,drag,press/release,6.238305257527265,2.577062739950977,-0.7668407846369678,90,0,0,0.13466814850809788,0.13466814850809788,1.0,cylinder,YEke5m26ZyfKGdM6fZEHN2f3IEB3,-MKv17AK8bEsVYj5A_hS,-MKv1Ar9y-ddhpOmALWK,drag-press/release,2,1.916,0,3.903,0.0,0.0,1,3.9030001163482666
40,1604017403.86,1604017659.813,target,click,2.024397164689357,2.8570668121707907,-3.633998745289069,0,0,90,0.0952793621225638,2.1733751976893774,0.31023888529015486,box,im9dfYKlm7cM4PKbiGqeP8XsY963,-MKqshLKuuYUbXXGsClQ,-MKqsnUJUps0BiIYQ_mY,target-click,140,-1.0,3,12.564,24.407,218.982,12,255.95300006866455
41,1604017664.741,1604017686.171,target,click,2.923241753150479,1.8533587647093044,-0.8711469515825034,0,90,90,0.0952793621225638,2.1733751976893774,0.31023888529015486,box,im9dfYKlm7cM4PKbiGqeP8XsY963,-MKqshLKuuYUbXXGsClQ,-MKqtnA__1h9CKGqFWKm,target-click,9,-1.0,0,30.586,-2.629,-6.527,5,21.430000066757202
42,1604017690.9,1604017701.833,target,click,3.9727177813466485,1.0210899070889514,1.189047435320397,0,45,90,0.0952793621225638,2.1733751976893774,0.31023888529015486,box,im9dfYKlm7cM4PKbiGqeP8XsY963,-MKqshLKuuYUbXXGsClQ,-MKqttZJYkVbAvkOwKc0,target-click,4,-1.0,0,14.819,0.0,-3.886,3,10.932999849319458
43,1604017391.709,1604017399.841,target,click,5.250090767566352,3.7339336082535626,-1.692678096553855,90,0,0,0.13736827770483118,0.13736827770483118,1.0,cylinder,im9dfYKlm7cM4PKbiGqeP8XsY963,-MKqshLKuuYUbXXGsClQ,-MKqskWSPbssnZl1gMWT,target-click,4,-1.0,0,5.181,2.951,0.0,2,8.131999969482422
44,1604017383.179,1604017387.106,target,click,6.251332970072623,1.8711209847672015,-0.8839359534297423,90,0,0,0.13736827770483118,0.13736827770483118,1.0,cylinder,im9dfYKlm7cM4PKbiGqeP8XsY963,-MKqshLKuuYUbXXGsClQ,-MKqsiRAcuB6To4tMjag,target-click,2,-1.0,0,3.927,0.0,0.0,1,3.927000045776367
45,1604011919.566,1604011924.014,drag,press/release,6.308707705605059,2.438532467462244,-0.6746525017690786,90,0,0,0.13843515989334249,0.13843515989334249,1.0,cylinder,hpQCCzLfbxU17uCtcTEA8boKsm83,-MKqYrLqsUF8t0cMPAM2,-MKqYsYDgCSUsa9iOXrf,drag-press/release,2,2.648,0,4.448,0.0,0.0,1,4.447999954223633
46,1604012014.535,1604012054.037,drag,press/release,3.1750351147652505,2.766513736858163,-3.58232612816891,0,45,90,0.17776021476822346,1.7821742366068056,0.33110726755759157,box,hpQCCzLfbxU17uCtcTEA8boKsm83,-MKqYrLqsUF8t0cMPAM2,-MKqZEj6bYf1I6R-OcDi,drag-press/release,18,1604012113.067,0,4.47,8.553,26.479,7,39.501999855041504
47,1604011928.537,1604011932.254,drag,press/release,5.551507733898791,2.304908297072741,0.7596913315855356,90,0,0,0.13843515989334249,0.13843515989334249,1.0,cylinder,hpQCCzLfbxU17uCtcTEA8boKsm83,-MKqYrLqsUF8t0cMPAM2,-MKqYujOJjiSvtaYJw_O,drag-press/release,2,1604011932.04,0,3.716,0.0,0.001,1,3.7170000076293945
48,1604011964.008,1604012010.437,drag,press/release,2.919916016772197,1.4420912905540568,1.0059058165240042,0,90,90,0.17776021476822346,1.7821742366068056,0.33110726755759157,box,hpQCCzLfbxU17uCtcTEA8boKsm83,-MKqYrLqsUF8t0cMPAM2,-MKqZ2Oc3PcSuBOj5kBH,drag-press/release,18,3208023988.06,0,67.275,-24.057,3.211,6,46.42900013923645
49,1604011936.544,1604011959.419,drag,press/release,3.591641643214581,1.1396924335728316,-3.775131602763192,0,0,90,0.17776021476822346,1.7821742366068056,0.33110726755759157,box,hpQCCzLfbxU17uCtcTEA8boKsm83,-MKqYrLqsUF8t0cMPAM2,-MKqYwgVhTiuUYt6OU7L,drag-press/release,10,17.883,0,28.57,-8.221,2.526,4,22.875
50,1604086067.645,1604086088.539,panel,press/release,4.433415163637298,1.7667947726995916,-1.407658004265159,90,0,0,0.1335667830832495,0.1335667830832495,1.0,cylinder,xJkhj3Hes5QQKvkX4YwMcKM1My23,-MKuybq6MiBKK0Srp5zc,-MKuyj5xC2exKqa0vLB9,panel-press/release,44,3208172153.952,0,0.001,12.451,8.442,4,20.89400005340576
51,1604086338.085,1604086495.919,panel,press/release,3.301949915236818,2.1344229534087695,-2.2281366697142277,0,90,90,0.1874048269596268,1.8593302664308113,0.38440096968753434,box,xJkhj3Hes5QQKvkX4YwMcKM1My23,-MKuybq6MiBKK0Srp5zc,-MKuzl7_1_KOjw0xfAlZ,panel-press/release,234,1604084771.382,2,-124.677,210.445,72.066,10,157.83399987220764
52,1604086093.753,1604086333.373,panel,press/release,2.5839328042718317,2.1769047084204973,-0.7014805388608374,0,0,90,0.1874048269596268,1.8593302664308113,0.38440096968753434,box,xJkhj3Hes5QQKvkX4YwMcKM1My23,-MKuybq6MiBKK0Srp5zc,-MKuypTtODqv4kH8kZca,panel-press/release,348,-758.291,2,211.65,74.662,-46.692,25,239.61999988555908
53,1604086501.277,1604086544.435,panel,press/release,2.1619066727163743,2.2078854495046225,0.5414206829870114,0,45,90,0.1874048269596268,1.8593302664308113,0.38440096968753434,box,xJkhj3Hes5QQKvkX4YwMcKM1My23,-MKuybq6MiBKK0Srp5zc,-MKv-NyS2LOTMWW6gMDJ,panel-press/release,54,12.381,0,0.001,17.36,25.797,5,43.157999992370605
54,1604086044.543,1604086062.389,panel,press/release,6.257845910544658,1.7783307622934568,-0.5615197850528378,90,0,0,0.1335667830832495,0.1335667830832495,1.0,cylinder,xJkhj3Hes5QQKvkX4YwMcKM1My23,-MKuybq6MiBKK0Srp5zc,-MKuydT-hAsDm8b96Bsr,panel-press/release,29,20.768,0,1.593,13.046,3.207,4,17.84599995613098
55,1604087044.348,1604087072.881,drag,press/release,2.1831907013524057,1.6552509585826605,-1.1421883778754283,0,45,90,0.14552094172146282,2.061004171882237,0.38522727247016103,box,1vR0JXgfnMfTo5bUAJErPXBdog93,-MKv-ZDRGtenv4GpFfVH,-MKv1SYwoEh6Uid9NHtf,drag-press/release,14,25.672,0,28.919,22.331,-22.717,3,28.532999992370605
56,1604086555.221,1604086561.389,drag,press/release,6.08708160598822,3.092873423515312,-0.8596403224692266,90,0,0,0.14160479638569867,0.14160479638569867,1.0,cylinder,1vR0JXgfnMfTo5bUAJErPXBdog93,-MKv-ZDRGtenv4GpFfVH,-MKv-a8KXkz-lllzf1sU,drag-press/release,2,3.9,0,6.167,0.001,0.0,1,6.167999982833862
57,1604086595.448,1604086615.423,drag,press/release,3.145557555205779,1.110575553526953,-3.4300629525447306,0,0,90,0.14552094172146282,2.061004171882237,0.38522727247016103,box,1vR0JXgfnMfTo5bUAJErPXBdog93,-MKv-ZDRGtenv4GpFfVH,-MKv-jxswFPFwS3McMUI,drag-press/release,4,1604086627.478,0,23.365,0.0,-3.39,3,19.975000143051147
58,1604086620.464,1604087038.437,drag,press/release,3.2964083436193596,2.198306833174892,1.7157958577415187,0,90,90,0.14552094172146282,2.061004171882237,0.38522727247016103,box,1vR0JXgfnMfTo5bUAJErPXBdog93,-MKv-ZDRGtenv4GpFfVH,-MKv-q3krsjCsIrESxFU,drag-press/release,80,-1047.392,2,-257.483,560.799,114.657,22,417.97300004959106
59,1604086566.117,1604086590.655,drag,press/release,4.775727256627734,2.375532741608348,-1.4115855189270927,90,0,0,0.14160479638569867,0.14160479638569867,1.0,cylinder,1vR0JXgfnMfTo5bUAJErPXBdog93,-MKv-ZDRGtenv4GpFfVH,-MKv-cn_zw9nzVBFdm_Q,drag-press/release,6,37.695,0,-9.633,34.171,0.0,3,24.537999868392944
60,1604089955.63,1604089988.424,targetdrag,click,4.06076133881568,3.5543123808120387,-0.2721569650935174,90,0,0,0.13278613905718392,0.13278613905718392,1.0,cylinder,5406npKuKpdfDwmKZD26uRz8I7w1,-MKvCS5eZ-_n45f9TNIM,-MKvCZJiba-oAvJShaps,targetdrag-click,6,-1.0,0,35.598,-28.004,25.2,4,32.793999910354614
61,1604090011.255,1604090082.685,targetdrag,click,3.8986244927933806,2.764123216923657,-0.588183989689119,0,90,90,0.08290730428184641,1.782922509537757,0.38008582481843867,box,5406npKuKpdfDwmKZD26uRz8I7w1,-MKvCS5eZ-_n45f9TNIM,-MKvCltrMFwh70jIOZKy,targetdrag-click,20,-1.0,1,36.561,48.044,-13.175,5,71.42999982833862
62,1604089942.372,1604089946.342,targetdrag,click,6.397104733337428,2.0628351999924943,-0.6073496168659844,90,0,0,0.13278613905718392,0.13278613905718392,1.0,cylinder,5406npKuKpdfDwmKZD26uRz8I7w1,-MKvCS5eZ-_n45f9TNIM,-MKvCW4Z2_B_Z3BQMS94,targetdrag-click,2,-1.0,0,3.97,0.0,0.0,1,3.9700000286102295
63,1604089995.573,1604090001.726,targetdrag,click,3.0567098383875217,2.472841246908899,-3.941786672214876,0,0,90,0.08290730428184641,1.782922509537757,0.38008582481843867,box,5406npKuKpdfDwmKZD26uRz8I7w1,-MKvCS5eZ-_n45f9TNIM,-MKvCi3pBp678CiIF-sf,targetdrag-click,2,-1.0,0,0.001,6.152,0.0,2,6.153000116348267
64,1604090102.554,1604090140.983,targetdrag,click,2.006579027086556,1.5517077072132524,-2.9617602247122083,0,45,90,0.08290730428184641,1.782922509537757,0.38008582481843867,box,5406npKuKpdfDwmKZD26uRz8I7w1,-MKvCS5eZ-_n45f9TNIM,-MKvD7BPuRoEs5_zAhzR,targetdrag-click,10,-1.0,0,5.119,53.809,-20.499,5,38.42900013923645
65,1604022799.827,1604022806.712,target,click,5.328888726181087,1.6169457055351713,0.23344509326731977,90,0,0,0.12168574714549858,0.12168574714549858,1.0,cylinder,EFbdtTCPneUubxZG8ukXgOlml263,-MKrCJ2U6QQTqz9OSjIg,-MKrCNrIgRBoHqAy2sjE,target-click,3,-1.0,0,5.671,1.214,0.0,2,6.884999990463257
66,1604022853.26,1604022871.192,target,click,3.0144577145156335,2.805616302865036,0.5699546157361786,0,45,90,0.1186889817226984,2.0079347921976956,0.35653165883033555,box,EFbdtTCPneUubxZG8ukXgOlml263,-MKrCJ2U6QQTqz9OSjIg,-MKrC_uBXwHQVVrIYL7r,target-click,9,-1.0,0,0.0,0.001,17.931,2,17.931999921798706
67,1604022830.924,1604022849.111,target,click,3.9829474823327873,1.5440917106050422,0.7047158054662539,0,90,90,0.1186889817226984,2.0079347921976956,0.35653165883033555,box,EFbdtTCPneUubxZG8ukXgOlml263,-MKrCJ2U6QQTqz9OSjIg,-MKrCVSBOvc68LusQdAL,target-click,7,-1.0,0,10.684,2.238,5.265,4,18.187000036239624
68,1604022792.638,1604022795.131,target,click,6.202056291555644,2.015812437135295,-0.6784557397871471,90,0,0,0.12168574714549858,0.12168574714549858,1.0,cylinder,EFbdtTCPneUubxZG8ukXgOlml263,-MKrCJ2U6QQTqz9OSjIg,-MKrCM5yXF8Y9qrpb6U-,target-click,1,-1.0,0,2.492,0.0,0.001,1,2.493000030517578
69,1604022814.959,1604022824.178,target,click,1.770463536035761,2.523067543258456,0.16467767471724315,0,0,90,0.1186889817226984,2.0079347921976956,0.35653165883033555,box,EFbdtTCPneUubxZG8ukXgOlml263,-MKrCJ2U6QQTqz9OSjIg,-MKrCRYjdp_fBtnlcfaS,target-click,2,-1.0,0,2.887,1.334,4.998,3,9.218999862670898
70,1604086198.907,1604086221.579,targetdrag,click,6.305238983919603,1.9765184466491021,-0.8272771851975115,90,0,0,0.13812279424542562,0.13812279424542562,1.0,cylinder,CHZjU3tnQxXOgJlFIlt3SuctwbR2,-MKuz9o8F82n7vkH3-LB,-MKuzE8vmfqUjly_PpZn,targetdrag-click,4,-1.0,2,22.672,0.0,0.0,1,22.67199993133545
71,1604086233.18,1604086242.394,targetdrag,click,5.816837679709362,2.212330165653719,0.5332607065845272,90,0,0,0.13812279424542562,0.13812279424542562,1.0,cylinder,CHZjU3tnQxXOgJlFIlt3SuctwbR2,-MKuz9o8F82n7vkH3-LB,-MKuzMWRNxdmBy6kIOhd,targetdrag-click,2,-1.0,0,9.214,0.0,0.0,1,9.21399998664856
72,1604086247.225,1604086356.666,targetdrag,click,3.8975967675089462,1.9767462638195572,-3.672577008165461,0,0,90,0.09052173606110255,1.9881947545384877,0.32905847015340167,box,CHZjU3tnQxXOgJlFIlt3SuctwbR2,-MKuz9o8F82n7vkH3-LB,-MKuzPwtA8ABA98dY3dA,targetdrag-click,6,-1.0,5,174.642,-54.372,-10.829,5,109.44099998474121
73,1604086489.186,1604086499.706,targetdrag,click,3.8673545709141712,2.631495945995435,-1.1212985971653562,0,45,90,0.09052173606110255,1.9881947545384877,0.32905847015340167,box,CHZjU3tnQxXOgJlFIlt3SuctwbR2,-MKuz9o8F82n7vkH3-LB,-MKv-L0YBgL50hN-7gD4,targetdrag-click,2,-1.0,0,-3.432,3.435,10.517,2,10.519999980926514
74,1604086361.827,1604086421.629,targetdrag,click,2.7323248807905807,2.1813065478986986,0.6691372778604716,0,90,90,0.09052173606110255,1.9881947545384877,0.32905847015340167,box,CHZjU3tnQxXOgJlFIlt3SuctwbR2,-MKuz9o8F82n7vkH3-LB,-MKuzqvYHhSKgAnEx7Ni,targetdrag-click,12,-1.0,0,36.719,-6.746,29.829,4,59.80200004577637
75,1604085233.555,1604085284.681,arrow,press/release,3.356368786198086,1.0868112972449118,1.2817675690832937,0,90,90,0.11603193270747925,1.8418589002457124,0.34597636488830485,box,5ubIgnfjNVeHmTHfQxVtNjpJpZj1,-MKuvGdKVePXDXF6LN2Y,-MKuvYTIm9-n0VbsRNsT,arrow-press/release,20,3208170580.8,0,0.002,29.024,22.1,5,51.12599992752075
76,1604085168.818,1604085177.257,arrow,press/release,6.11701782758802,3.085230205934268,-0.5946178290622274,90,0,0,0.13755196328120325,0.13755196328120325,1.0,cylinder,5ubIgnfjNVeHmTHfQxVtNjpJpZj1,-MKuvGdKVePXDXF6LN2Y,-MKuvIenRhBTTcdP5RMS,arrow-press/release,4,1604085176.274,0,8.436,0.0,0.003,1,8.438999891281128
77,1604085290.013,1604085333.294,arrow,press/release,3.12778007435987,1.3692561073770033,-2.1406434020862766,0,45,90,0.11603193270747925,1.8418589002457124,0.34597636488830485,box,5ubIgnfjNVeHmTHfQxVtNjpJpZj1,-MKuvGdKVePXDXF6LN2Y,-MKuvlFSBy012GnoP1bj,arrow-press/release,12,-39.523,0,0.001,35.353,7.927,4,43.28099989891052
78,1604085182.086,1604085196.342,arrow,press/release,5.6555752368274685,3.179115169096745,-0.9061010304017219,90,0,0,0.13755196328120325,0.13755196328120325,1.0,cylinder,5ubIgnfjNVeHmTHfQxVtNjpJpZj1,-MKuvGdKVePXDXF6LN2Y,-MKuvLu6rWrxlDpKCYkv,arrow-press/release,6,1604085203.131,0,12.277,1.976,0.003,2,14.25600004196167
79,1604085201.378,1604085229.137,arrow,press/release,2.7687426163694804,2.9158637536574696,-1.793544649276801,0,0,90,0.11603193270747925,1.8418589002457124,0.34597636488830485,box,5ubIgnfjNVeHmTHfQxVtNjpJpZj1,-MKuvGdKVePXDXF6LN2Y,-MKuvQbX7AD64DJ2S1CK,arrow-press/release,10,46.762,0,-6.726,34.485,0.0,3,27.759000062942505
80,1604022318.724,1604022329.256,panel,press/release,6.363876690203795,3.080007277565163,-0.970470458402016,90,0,0,0.13972722786515973,0.13972722786515973,1.0,cylinder,dQbmgAzPG4YWfY7SPOSRqnuuwNh1,-MKrAVrzsm_niKeBcO7p,-MKrAYP3YHu0gAXyCj-E,panel-press/release,12,1604022337.957,0,10.532,0.0,0.0,1,10.532000064849854
81,1604022490.987,1604022542.394,panel,press/release,3.71687541195505,2.4523820435997368,1.8567483009060535,0,90,90,0.13629985061387961,2.185091600426654,0.307214911496669,box,dQbmgAzPG4YWfY7SPOSRqnuuwNh1,-MKrAVrzsm_niKeBcO7p,-MKrBCSfrdbWYmRFQodG,panel-press/release,36,-59.133,0,-15.673,26.159,40.921,4,51.40700006484985
82,1604022334.026,1604022359.587,panel,press/release,4.075571012275734,1.418083123566769,-0.2563657479447494,90,0,0,0.13972722786515973,0.13972722786515973,1.0,cylinder,dQbmgAzPG4YWfY7SPOSRqnuuwNh1,-MKrAVrzsm_niKeBcO7p,-MKrAb89kw1QFHq909Im,panel-press/release,22,1604022365.278,0,25.561,-20.913,20.913,3,25.560999870300293
83,1604022364.277,1604022486.349,panel,press/release,1.8082250839323701,1.0092055917268987,0.18421149666728365,0,0,90,0.13629985061387961,2.185091600426654,0.307214911496669,box,dQbmgAzPG4YWfY7SPOSRqnuuwNh1,-MKrAVrzsm_niKeBcO7p,-MKrAiWpYJjLc4a8wV-P,panel-press/release,84,148.607,4,58.866,-91.174,154.38,7,122.07200002670288
84,1604022546.671,1604022624.551,panel,press/release,2.74302652396623,2.5917635981697162,1.1376063662628475,0,45,90,0.13629985061387961,2.185091600426654,0.307214911496669,box,dQbmgAzPG4YWfY7SPOSRqnuuwNh1,-MKrAVrzsm_niKeBcO7p,-MKrBQ2jbftcl5oGyfoD,panel-press/release,60,1604022425.286,2,43.839,0.0,34.041,3,77.88000011444092
85,1604027192.181,1604027661.726,targetdrag,click,4.623524285676519,1.0267886484073232,-1.78492461164121,90,0,0,0.13841063489388764,0.13841063489388764,1.0,cylinder,PvrHmTURkMUHCgjQfHRvjAQk7rY2,-MKrSal_7700tMCdUNcF,-MKrT8CpG0d4o7EVEi2n,targetdrag-click,122,-1.0,7,251.147,35.853,182.545,9,469.54500007629395
86,1604027070.349,1604027185.124,targetdrag,click,6.259460686752774,1.6952693473875864,-0.9043072059644335,90,0,0,0.13841063489388764,0.13841063489388764,1.0,cylinder,PvrHmTURkMUHCgjQfHRvjAQk7rY2,-MKrSal_7700tMCdUNcF,-MKrSfTCsm1Wmf1zv1P_,targetdrag-click,26,-1.0,1,114.774,110.994,-110.993,4,114.77500009536743
87,1604027667.692,1604027976.157,targetdrag,click,1.606674315412022,1.2600311487081841,1.8097769215946773,0,0,90,0.0982347757533223,1.750587687220906,0.3516810740923951,box,PvrHmTURkMUHCgjQfHRvjAQk7rY2,-MKrSal_7700tMCdUNcF,-MKrUxIgnlbo-2u97MEY,targetdrag-click,88,-1.0,8,396.359,60.142,-148.036,9,308.4650001525879
88,1604028290.614,1604028550.53,targetdrag,click,2.556773586464827,2.241770308038067,-0.5672278671838722,0,45,90,0.0982347757533223,1.750587687220906,0.3516810740923951,box,PvrHmTURkMUHCgjQfHRvjAQk7rY2,-MKrSal_7700tMCdUNcF,-MKrXKNqo2vLtf_CKFXR,targetdrag-click,88,-1.0,11,202.412,128.897,-71.393,7,259.9159998893738
89,1604027983.336,1604028281.48,targetdrag,click,3.6947350635002403,1.2124605665400519,1.6774484120595883,0,90,90,0.0982347757533223,1.750587687220906,0.3516810740923951,box,PvrHmTURkMUHCgjQfHRvjAQk7rY2,-MKrSal_7700tMCdUNcF,-MKrW9Mcq1BovvbL4nTi,targetdrag-click,88,-1.0,8,-246.872,283.628,261.388,11,298.14400005340576
90,1604086152.642,1604086178.489,drag,press/release,2.0421796540721235,2.3907672727338523,1.1979589544597724,0,0,90,0.19323789809230868,1.7155716362116984,0.32253274687561706,box,jKPIRfxjjjQsfyJE0a13D4ghRZo2,-MKuyvz7CqjgWI74veAP,-MKuz2r1R0a3GiHgSdWQ,drag-press/release,10,3208172365.848,0,14.072,11.775,0.0,3,25.847000122070312
91,1604086134.996,1604086139.365,drag,press/release,6.065214890032083,2.406160765491209,-0.8735582190255664,90,0,0,0.14762069029034375,0.14762069029034375,1.0,cylinder,jKPIRfxjjjQsfyJE0a13D4ghRZo2,-MKuyvz7CqjgWI74veAP,-MKuyzYJfdfSKWUGIvom,drag-press/release,2,1604086138.997,0,4.369,0.0,0.0,1,4.36899995803833
92,1604086144.557,1604086148.136,drag,press/release,5.940183828664906,2.769167606824431,0.15420145376791883,90,0,0,0.14762069029034375,0.14762069029034375,1.0,cylinder,jKPIRfxjjjQsfyJE0a13D4ghRZo2,-MKuyvz7CqjgWI74veAP,-MKuz0sh1jknJYoBP39T,drag-press/release,2,2.213,0,3.579,0.0,0.0,1,3.5789999961853027
93,1604086206.466,1604086221.468,drag,press/release,3.6819095134653903,2.337576917911525,0.9602325108107284,0,45,90,0.19323789809230868,1.7155716362116984,0.32253274687561706,box,jKPIRfxjjjQsfyJE0a13D4ghRZo2,-MKuyvz7CqjgWI74veAP,-MKuzG-1F3zdi5Aht5xj,drag-press/release,12,13.491,0,12.55,2.452,0.0,2,15.001999855041504
94,1604086182.904,1604086201.57,drag,press/release,3.7775155420192306,1.6282743049428974,-2.2208464368340595,0,90,90,0.19323789809230868,1.7155716362116984,0.32253274687561706,box,jKPIRfxjjjQsfyJE0a13D4ghRZo2,-MKuyvz7CqjgWI74veAP,-MKuzAEscuFjFnS1YHZm,drag-press/release,12,4812258593.14,0,12.66,6.006,0.0,2,18.66599988937378
95,1604085292.772,1604085334.405,target,click,3.148178699461349,2.5914862726677934,0.7909900541136814,0,90,90,0.151542482381834,2.262727520101129,0.37747403005236096,box,r0dXSZHRpyMSboDsriv1G5BcTdy1,-MKuvVyewEwYcFPTm5CO,-MKuvlvZzJQwPCTHxpvY,target-click,10,-1.0,0,14.178,-18.715,46.17,5,41.632999897003174
96,1604085262.485,1604085288.66,target,click,3.996132787597322,1.9215460533554638,-1.6552272334870692,0,0,90,0.151542482381834,2.262727520101129,0.37747403005236096,box,r0dXSZHRpyMSboDsriv1G5BcTdy1,-MKuvVyewEwYcFPTm5CO,-MKuveXKv1bbwx4tqq8J,target-click,7,-1.0,0,0.0,19.053,7.122,2,26.175000190734863
97,1604085231.54,1604085242.506,target,click,6.442608223350459,3.2618992680013843,-0.713155950938609,90,0,0,0.1245274561822256,0.1245274561822256,1.0,cylinder,r0dXSZHRpyMSboDsriv1G5BcTdy1,-MKuvVyewEwYcFPTm5CO,-MKuvXyoSEJYlKPmvGlh,target-click,2,-1.0,0,10.965,-9.374,9.375,2,10.966000080108643
98,1604085247.738,1604085258.557,target,click,4.624399003298615,1.0723083695911635,-0.14046388573918378,90,0,0,0.1245274561822256,0.1245274561822256,1.0,cylinder,r0dXSZHRpyMSboDsriv1G5BcTdy1,-MKuvVyewEwYcFPTm5CO,-MKuvavuusPnMZ4S9d69,target-click,3,-1.0,0,2.451,8.368,0.0,3,10.819000005722046
99,1604085338.482,1604085370.507,target,click,2.8479388759840325,2.5431390753033916,-1.867158928746337,0,45,90,0.151542482381834,2.262727520101129,0.37747403005236096,box,r0dXSZHRpyMSboDsriv1G5BcTdy1,-MKuvVyewEwYcFPTm5CO,-MKuvx4miLEfAwgS2Tee,target-click,4,-1.0,0,-6.805,19.759,19.071,4,32.02499985694885
100,1604094895.919,1604094991.592,panel,press/release,2.9071106291159317,2.260002791150929,-0.13630120034427584,0,45,90,0.13584994697716338,1.7967161234073534,0.3119719654677538,box,LwqMaltmu1aYlN14KuF6VgIFwII2,-MKvV1zUa5vozVRkKm9w,-MKvVPRj6Sz1JQYgDvap,panel-press/release,88,19.928,3,64.414,64.289,-33.03,8,95.67300009727478
101,1604094821.719,1604094834.804,panel,press/release,5.401427087378039,1.0494397443878773,-1.3514652847432043,90,0,0,0.13797422137864113,0.13797422137864113,1.0,cylinder,LwqMaltmu1aYlN14KuF6VgIFwII2,-MKvV1zUa5vozVRkKm9w,-MKvV7KMUqEiMVJdTOya,panel-press/release,18,3208189676.67,0,16.297,0.0,-3.212,2,13.084999799728394
102,1604094868.716,1604094885.52,panel,press/release,2.8955184322605434,2.2737596622494656,-1.5056616781975176,0,90,90,0.13584994697716338,1.7967161234073534,0.3119719654677538,box,LwqMaltmu1aYlN14KuF6VgIFwII2,-MKvV1zUa5vozVRkKm9w,-MKvVIngfFna2OCxmDzr,panel-press/release,28,24.623,0,14.976,0.0,1.828,3,16.80399990081787
103,1604094839.784,1604094863.529,panel,press/release,2.542892445315699,1.1796842539365686,1.5955476086894826,0,0,90,0.13584994697716338,1.7967161234073534,0.3119719654677538,box,LwqMaltmu1aYlN14KuF6VgIFwII2,-MKvV1zUa5vozVRkKm9w,-MKvVBjcx3sEcHXSEqUe,panel-press/release,36,4812284538.24,0,22.131,0.0,1.614,3,23.74500012397766
104,1604094807.568,1604094815.181,panel,press/release,6.15165922149303,2.896069622093088,-0.8812044999153135,90,0,0,0.13797422137864113,0.13797422137864113,1.0,cylinder,LwqMaltmu1aYlN14KuF6VgIFwII2,-MKvV1zUa5vozVRkKm9w,-MKvV3sFuCm75z_ffUf_,panel-press/release,14,-4.96,0,7.612,0.0,0.001,1,7.61299991607666
105,1604093842.407,1604093861.555,target,click,2.1370234874530647,2.0955332844484635,-0.2060538036908115,0,45,90,0.1039295438302351,2.0823133009956085,0.3838310512964616,box,DeV5F9yf1IgGyvmih4ZNvcEBaeq2,-MKvR50s9EAC9hmPXVQP,-MKvROEbxUMAb4u2nFYX,target-click,12,-1.0,0,22.353,5.242,-8.447,4,19.14800000190735
106,1604093775.083,1604093788.298,target,click,6.284395032302469,1.6974881514286433,-0.7389191357730628,90,0,0,0.1461573705902805,0.1461573705902805,1.0,cylinder,DeV5F9yf1IgGyvmih4ZNvcEBaeq2,-MKvR50s9EAC9hmPXVQP,-MKvR7nfgJnbcwZZvvf8,target-click,2,-1.0,0,11.856,1.359,0.0,2,13.21500015258789
107,1604093828.221,1604093838.026,target,click,3.0227237877042348,1.0506455088781732,-2.5312046570127253,0,90,90,0.1039295438302351,2.0823133009956085,0.3838310512964616,box,DeV5F9yf1IgGyvmih4ZNvcEBaeq2,-MKvR50s9EAC9hmPXVQP,-MKvRKlxroKAy3lBT8QQ,target-click,8,-1.0,0,2.224,0.001,7.58,2,9.805000066757202
108,1604093802.544,1604093823.953,target,click,1.5512300253991453,2.673304324546929,-2.932879213452708,0,0,90,0.1039295438302351,2.0823133009956085,0.3838310512964616,box,DeV5F9yf1IgGyvmih4ZNvcEBaeq2,-MKvR50s9EAC9hmPXVQP,-MKvREVk6tFrj-kzFhod,target-click,6,-1.0,0,32.113,8.054,-18.758,3,21.409000158309937
109,1604093793.503,1604093798.271,target,click,5.757101889713654,2.917454282088626,0.3880481245304268,90,0,0,0.1461573705902805,0.1461573705902805,1.0,cylinder,DeV5F9yf1IgGyvmih4ZNvcEBaeq2,-MKvR50s9EAC9hmPXVQP,-MKvRCIUKhaK_wjWaARw,target-click,1,-1.0,0,1.586,3.182,0.0,2,4.767999887466431
110,1604085557.519,1604085568.872,drag,press/release,2.6203685237572922,2.587153526765816,-2.319318700645779,0,45,90,0.13723590216531065,2.120687880695705,0.39605710788230386,box,8by7iYdgdYTEnM5YOpvzMn5M8Aq2,-MKuwM-Z2ecfV--psWuS,-MKuwmZEU2JbsLXW8sda,drag-press/release,6,4.51,0,0.0,0.0,11.353,2,11.352999925613403
111,1604085462.666,1604085470.567,drag,press/release,6.465377111101255,1.6994716015931934,-0.6221727601375441,90,0,0,0.1348358304706914,0.1348358304706914,1.0,cylinder,8by7iYdgdYTEnM5YOpvzMn5M8Aq2,-MKuwM-Z2ecfV--psWuS,-MKuwQP9MR6kMNPsbtOt,drag-press/release,4,1604085469.328,0,6.533,1.368,0.0,2,7.901000022888184
112,1604085491.15,1604085523.471,drag,press/release,2.9637857157403475,1.790445571004482,-1.6826732845433865,0,0,90,0.13723590216531065,2.120687880695705,0.39605710788230386,box,8by7iYdgdYTEnM5YOpvzMn5M8Aq2,-MKuwM-Z2ecfV--psWuS,-MKuwXMDOgqElJlKHMhD,drag-press/release,14,1604085486.768,0,16.44,15.881,0.0,3,32.32099986076355
113,1604085528.063,1604085553.542,drag,press/release,2.340102475581383,2.0599298020714834,1.4026744066555654,0,90,90,0.13723590216531065,2.120687880695705,0.39605710788230386,box,8by7iYdgdYTEnM5YOpvzMn5M8Aq2,-MKuwM-Z2ecfV--psWuS,-MKuwfMzYBEeVJ2oHtqH,drag-press/release,12,-5.652,0,6.561,17.174,1.744,4,25.479000091552734
114,1604085476.265,1604085485.565,drag,press/release,4.109537801704883,3.666049662463325,-1.7199190933393218,90,0,0,0.1348358304706914,0.1348358304706914,1.0,cylinder,8by7iYdgdYTEnM5YOpvzMn5M8Aq2,-MKuwM-Z2ecfV--psWuS,-MKuwTidlhJyuR6r9kL-,drag-press/release,4,0.218,0,7.634,-5.406,7.072,3,9.299999952316284
115,1604126941.383,1604126956.998,targetdrag,click,4.472827321580255,3.8044152829483853,-1.4506396094817444,90,0,0,0.12689322318759236,0.12689322318759236,1.0,cylinder,JkIb2BsbgjZR80QSLUFliut5ZfQ2,-MKxPU_DrylQp09WarDf,-MKxPe26sxW0IcMl3JZ5,targetdrag-click,4,-1.0,0,10.349,5.266,0.0,3,15.615000009536743
116,1604126904.591,1604126934.497,targetdrag,click,6.323798184606302,1.686735757612543,-0.6604702398248461,90,0,0,0.12689322318759236,0.12689322318759236,1.0,cylinder,JkIb2BsbgjZR80QSLUFliut5ZfQ2,-MKxPU_DrylQp09WarDf,-MKxPW3E9k3QAMuvJ2tE,targetdrag-click,12,-1.0,0,29.906,0.0,0.0,2,29.905999898910522
117,1604126995.802,1604127014.901,targetdrag,click,3.922723061529786,2.1502023745369088,-3.8233544453902657,0,90,90,0.12882521146127535,2.150689615638027,0.3488080719749291,box,JkIb2BsbgjZR80QSLUFliut5ZfQ2,-MKxPU_DrylQp09WarDf,-MKxPrKPLYF8bnAY2U7p,targetdrag-click,8,-1.0,0,16.077,3.022,0.0,3,19.098999977111816
118,1604127021.428,1604127047.692,targetdrag,click,2.2602681423326363,2.442258505394334,1.9549949687177408,0,45,90,0.12882521146127535,2.150689615638027,0.3488080719749291,box,JkIb2BsbgjZR80QSLUFliut5ZfQ2,-MKxPU_DrylQp09WarDf,-MKxPx_ppePAes4rO3cm,targetdrag-click,14,-1.0,0,0.0,49.096,-22.832,2,26.263999938964844
119,1604126962.958,1604126991.619,targetdrag,click,1.7928992003216213,2.996129660452131,-3.6549506724441034,0,0,90,0.12882521146127535,2.150689615638027,0.3488080719749291,box,JkIb2BsbgjZR80QSLUFliut5ZfQ2,-MKxPU_DrylQp09WarDf,-MKxPjJD2VT3zYYkkzCZ,targetdrag-click,10,-1.0,0,-7.933,36.594,0.0,3,28.66100001335144
120,1604128631.765,1604128658.212,target,click,2.3114810836715414,2.711441518275601,-1.9603467908003092,0,0,90,0.16158058220300317,1.9758605042745718,0.3537235059867979,box,5uBDwp8gLAcwU4sugsAtb7t5S1g2,-MKxVix-tiW9acMGylie,-MKxW5jKHXjbtLpzL0Uz,target-click,10,-1.0,0,3.63,20.892,1.925,4,26.4469997882843
121,1604128552.638,1604128627.797,target,click,4.677722024725202,1.3690388741246753,0.1659960538451677,90,0,0,0.12168067396882865,0.12168067396882865,1.0,cylinder,5uBDwp8gLAcwU4sugsAtb7t5S1g2,-MKxVix-tiW9acMGylie,-MKxVnPy7bpjBqM0md7C,target-click,25,-1.0,3,13.845,36.086,25.228,9,75.15899991989136
122,1604128541.605,1604128548.721,target,click,6.077382325928058,2.17485034434027,-0.9020956596656141,90,0,0,0.12168067396882865,0.12168067396882865,1.0,cylinder,5uBDwp8gLAcwU4sugsAtb7t5S1g2,-MKxVix-tiW9acMGylie,-MKxVki_tIEP943KgWWJ,target-click,3,-1.0,0,7.116,0.0,0.0,1,7.115999937057495
123,1604128715.641,1604128730.238,target,click,2.771375600325636,1.6105993525743862,-0.9877221545049766,0,45,90,0.16158058220300317,1.9758605042745718,0.3537235059867979,box,5uBDwp8gLAcwU4sugsAtb7t5S1g2,-MKxVix-tiW9acMGylie,-MKxWQCtg86OjzF2FJQS,target-click,5,-1.0,0,9.082,-7.6,13.115,3,14.596999883651733
124,1604128662.485,1604128711.447,target,click,2.348539501931567,2.536510645611518,-1.7026260805986766,0,90,90,0.16158058220300317,1.9758605042745718,0.3537235059867979,box,5uBDwp8gLAcwU4sugsAtb7t5S1g2,-MKxVix-tiW9acMGylie,-MKxWDEK4BtloifYZm2g,target-click,17,-1.0,1,15.781,14.17,19.011,5,48.962000131607056
125,1604086014.33,1604086028.292,arrow,press/release,6.210964023617468,2.946375135983287,-0.6646941605604664,90,0,0,0.14455952307221223,0.14455952307221223,1.0,cylinder,y25I9PMcrFabrYw2OJXEdqXzaTM2,-MKuyUvHdEiq7Ax1Jih1,-MKuyX4ubELOkKFv47W1,arrow-press/release,4,0.581,0,13.962,0.0,0.0,1,13.962000131607056
126,1604086308.515,1604086416.569,arrow,press/release,2.652236484428332,1.6994356760883673,1.9712266593578391,0,90,90,0.1858739540458123,1.9406676692179747,0.30600912012459447,box,y25I9PMcrFabrYw2OJXEdqXzaTM2,-MKuyUvHdEiq7Ax1Jih1,-MKuzduYvabS5W8LP5Sb,arrow-press/release,44,45.049,0,60.903,47.151,0.0,3,108.05399990081787
127,1604086034.77,1604086081.324,arrow,press/release,5.1381062298409095,1.9622383379985144,-0.8385800262900174,90,0,0,0.14455952307221223,0.14455952307221223,1.0,cylinder,y25I9PMcrFabrYw2OJXEdqXzaTM2,-MKuyUvHdEiq7Ax1Jih1,-MKuyb4Hdx0aYhSK7Yd_,arrow-press/release,10,1604086060.269,0,32.602,13.952,0.0,3,46.55399990081787
128,1604086422.596,1604086531.814,arrow,press/release,2.353982577150231,1.4736120543303017,-0.13329121516852993,0,45,90,0.1858739540458123,1.9406676692179747,0.30600912012459447,box,y25I9PMcrFabrYw2OJXEdqXzaTM2,-MKuyUvHdEiq7Ax1Jih1,-MKv-4l39htjChGOdlJ_,arrow-press/release,44,3208172914.688,0,52.795,109.218,-52.795,2,109.21799993515015
129,1604086087.892,1604086302.313,arrow,press/release,3.085148213912107,2.2139418631038885,0.8843411766050293,0,0,90,0.1858739540458123,1.9406676692179747,0.30600912012459447,box,y25I9PMcrFabrYw2OJXEdqXzaTM2,-MKuyUvHdEiq7Ax1Jih1,-MKuyo2J7Yl3Ba8h22R2,arrow-press/release,86,1604086489.483,1,26.744,51.434,136.243,5,214.4210000038147
130,1604086621.026,1604086631.163,arrow,press/release,4.301800659342727,2.4832576391936776,-1.2956857474040302,90,0,0,0.13143896132202715,0.13143896132202715,1.0,cylinder,ZO79Gs6mkbVTJptqgEezRx8IgOj1,-MKv-kDn5g6Om5LpW-Le,-MKv-qCYwEkLBt4slmke,arrow-press/release,4,10.573,0,5.067,0.0,5.07,3,10.13700008392334
131,1604086712.156,1604086874.718,arrow,press/release,3.877596338841302,2.6455091840490566,1.5940049635589855,0,45,90,0.14945675142034795,2.1773195783459083,0.3046659032096302,box,ZO79Gs6mkbVTJptqgEezRx8IgOj1,-MKv-kDn5g6Om5LpW-Le,-MKv0BSR2jmZJgl-iTz2,arrow-press/release,50,4812260181.035,3,202.509,-26.74,-13.207,18,162.56200003623962
132,1604086635.753,1604086676.485,arrow,press/release,2.785268743255066,1.0569354436764957,-2.296419049204712,0,0,90,0.14945675142034795,2.1773195783459083,0.3046659032096302,box,ZO79Gs6mkbVTJptqgEezRx8IgOj1,-MKv-kDn5g6Om5LpW-Le,-MKv-tndV6HIoLd9CHuo,arrow-press/release,18,22.134,0,27.191,-34.021,47.562,4,40.73199987411499
133,1604086680.75,1604086708.037,arrow,press/release,3.9020230142171797,2.558927890206061,1.3032470980475228,0,90,90,0.14945675142034795,2.1773195783459083,0.3046659032096302,box,ZO79Gs6mkbVTJptqgEezRx8IgOj1,-MKv-kDn5g6Om5LpW-Le,-MKv03min8M0u3H37g5a,arrow-press/release,10,1604086745.898,0,12.226,15.47,-0.409,6,27.286999940872192
134,1604086604.459,1604086616.429,arrow,press/release,6.141152343828447,1.9975609988098983,-0.6574456187459219,90,0,0,0.13143896132202715,0.13143896132202715,1.0,cylinder,ZO79Gs6mkbVTJptqgEezRx8IgOj1,-MKv-kDn5g6Om5LpW-Le,-MKv-m9fCOO_G7dazUTh,arrow-press/release,6,10.398,0,15.839,0.0,-3.869,3,11.96999979019165
135,1604086366.437,1604086390.763,panel,press/release,2.7755967663247096,2.0333162228072728,1.370453363706451,0,45,90,0.13378256272502753,1.8726960999649842,0.32289407260408765,box,pLLZgRjFrpUqK9KzWmPskkLoiHF2,-MKuzA0uV7FoiC6lJWbA,-MKuzs2_tdCucQ9j5b2_,panel-press/release,32,1604086437.118,0,33.281,-18.136,9.181,5,24.325999975204468
136,1604086264.095,1604086361.258,panel,press/release,3.653291190366635,1.55532686299737,0.3796604974282136,0,90,90,0.13378256272502753,1.8726960999649842,0.32289407260408765,box,pLLZgRjFrpUqK9KzWmPskkLoiHF2,-MKuzA0uV7FoiC6lJWbA,-MKuzU3UJ8l1Rv3bK3fq,panel-press/release,156,1021.68,0,-79.027,148.638,27.552,14,97.16299986839294
137,1604086235.016,1604086239.676,panel,press/release,5.733056229467745,2.707660415680099,-1.2150933538757789,90,0,0,0.13374151328855785,0.13374151328855785,1.0,cylinder,pLLZgRjFrpUqK9KzWmPskkLoiHF2,-MKuzA0uV7FoiC6lJWbA,-MKuzMy7KcAKVaa0BmHV,panel-press/release,6,0.621,0,3.315,1.345,0.0,2,4.6600000858306885
138,1604086248.168,1604086260.176,panel,press/release,2.4233794148586445,1.4025290827855046,-2.6345872824385532,0,0,90,0.13378256272502753,1.8726960999649842,0.32289407260408765,box,pLLZgRjFrpUqK9KzWmPskkLoiHF2,-MKuzA0uV7FoiC6lJWbA,-MKuzQAc1gBkrGpqLhxs,panel-press/release,20,1604086271.752,0,16.619,-9.938,5.327,3,12.008000135421753
139,1604086218.486,1604086230.84,panel,press/release,6.352373841888581,2.804673768432612,-0.5785586970569262,90,0,0,0.13374151328855785,0.13374151328855785,1.0,cylinder,pLLZgRjFrpUqK9KzWmPskkLoiHF2,-MKuzA0uV7FoiC6lJWbA,-MKuzIvqXVK7q4Uz-tEd,panel-press/release,20,26.466,0,12.353,-10.746,10.747,2,12.353999853134155
140,1604026365.343,1604026374.48,panel,press/release,6.459233258827313,2.1269568935541026,-0.6822032272260715,90,0,0,0.13372034317472078,0.13372034317472078,1.0,cylinder,1WlXn4Ar0RNVVuONT79XQ6XtNrp2,-MKrPtyMQHXnNKWePfNb,-MKrPzLU0zYklgh48zLH,panel-press/release,16,3208052751.23,0,6.675,2.462,0.0,2,9.13700008392334
141,1604026379.146,1604026388.309,panel,press/release,4.8676089327634,2.1396636995254688,0.4150047605127902,90,0,0,0.13372034317472078,0.13372034317472078,1.0,cylinder,1WlXn4Ar0RNVVuONT79XQ6XtNrp2,-MKrPtyMQHXnNKWePfNb,-MKrQ1i9Wi3JXNW6H8VC,panel-press/release,17,0.19,0,-1.738,10.901,0.0,2,9.163000106811523
142,1604026393.673,1604026451.1,panel,press/release,2.4578987235148513,1.4100822746839525,-2.3681682982757235,0,0,90,0.12675211620934493,1.8874012149023645,0.39372652488407167,box,1WlXn4Ar0RNVVuONT79XQ6XtNrp2,-MKrPtyMQHXnNKWePfNb,-MKrQ5G8_MNlblay1csy,panel-press/release,101,-316.205,0,13.232,21.9,22.295,5,57.42699980735779
143,1604026455.651,1604026491.201,panel,press/release,2.5217905520997848,1.2430846917290208,-2.6040222169480485,0,90,90,0.12675211620934493,1.8874012149023645,0.39372652488407167,box,1WlXn4Ar0RNVVuONT79XQ6XtNrp2,-MKrPtyMQHXnNKWePfNb,-MKrQKOYMqgai9yZcvWo,panel-press/release,92,4812079376.327,0,4.887,29.576,1.087,6,35.549999952316284
144,1604026495.606,1604026553.354,panel,press/release,2.1943276490092494,1.177020123202957,-1.4360425088409312,0,45,90,0.12675211620934493,1.8874012149023645,0.39372652488407167,box,1WlXn4Ar0RNVVuONT79XQ6XtNrp2,-MKrPtyMQHXnNKWePfNb,-MKrQU8qUkOIQ5dajDBt,panel-press/release,98,3208053058.806,0,25.717,37.798,-5.767,6,57.748000144958496
145,1604023811.875,1604023817.637,drag,press/release,6.156635218766571,2.2074522401634713,-0.9521893219161117,90,0,0,0.1434379593500077,0.1434379593500077,1.0,cylinder,aGAsQzB2vbenXsJbb5OQ2MjeVj33,-MKrGDouOUWLZpTHR7RL,-MKrGEwYSp4g4caFeZdx,drag-press/release,4,3.209,0,5.762,0.0,0.0,1,5.76200008392334
146,1604023977.443,1604024000.339,drag,press/release,2.3030330719233283,1.649578165784709,-3.2012035773030005,0,90,90,0.11672815727940397,1.7112879134681178,0.36697640279290555,box,aGAsQzB2vbenXsJbb5OQ2MjeVj33,-MKrGDouOUWLZpTHR7RL,-MKrGsMYztgWTXmUjWzP,drag-press/release,10,1604024015.058,0,16.904,0.0,5.992,2,22.895999908447266
147,1604023821.965,1604023898.64,drag,press/release,4.054344240588965,1.6951170496730787,-1.2797378290075565,90,0,0,0.1434379593500077,0.1434379593500077,1.0,cylinder,aGAsQzB2vbenXsJbb5OQ2MjeVj33,-MKrGDouOUWLZpTHR7RL,-MKrGHPCidZd7_jqxI9o,drag-press/release,46,255.352,0,43.056,71.249,-37.63,6,76.67500019073486
148,1604023902.943,1604023973.452,drag,press/release,3.250484142225533,2.5999567103615155,-2.6549263412368527,0,0,90,0.11672815727940397,1.7112879134681178,0.36697640279290555,box,aGAsQzB2vbenXsJbb5OQ2MjeVj33,-MKrGDouOUWLZpTHR7RL,-MKrGaAUUIPto0BTl9Vj,drag-press/release,36,1604023848.113,0,41.178,-17.783,47.114,5,70.50899982452393
149,1604024004.588,1604024195.786,drag,press/release,3.3889791378595238,1.9007501309584307,0.11940342913381485,0,45,90,0.11672815727940397,1.7112879134681178,0.36697640279290555,box,aGAsQzB2vbenXsJbb5OQ2MjeVj33,-MKrGDouOUWLZpTHR7RL,-MKrGyzgknYGLEB2vycN,drag-press/release,142,622.889,1,-164.444,161.017,194.625,14,191.19799995422363
150,1604011777.939,1604011818.253,target,click,3.9723482926720513,2.943545663598083,-1.4256963169278838,0,90,90,0.11633415855445295,2.2971188366407125,0.36990766533143554,box,IlMCksaJOdbyz7oo3C2pYmZ9Axp1,-MKqY9digfshodM_Lg1L,-MKqYKyIHLn4tXibBSWc,target-click,23,-1.0,0,26.811,21.707,-8.204,10,40.31400012969971
151,1604011822.947,1604011876.785,target,click,2.0771171122866545,1.2372728533463984,-1.7499267100270028,0,45,90,0.11633415855445295,2.2971188366407125,0.36990766533143554,box,IlMCksaJOdbyz7oo3C2pYmZ9Axp1,-MKqY9digfshodM_Lg1L,-MKqYVxZ5L57cRgHXYsL,target-click,28,-1.0,0,9.342,21.471,23.025,9,53.83800005912781
152,1604011754.063,1604011763.807,target,click,4.281997677635038,1.9700450591547132,0.5537868801487265,90,0,0,0.13870236826350346,0.13870236826350346,1.0,cylinder,IlMCksaJOdbyz7oo3C2pYmZ9Axp1,-MKqY9digfshodM_Lg1L,-MKqYF8E_2yY8XqxTRc8,target-click,3,-1.0,0,5.923,3.821,0.0,3,9.74399995803833
153,1604011768.352,1604011773.592,target,click,1.84885479084036,2.908559893273558,-1.810762733396782,0,0,90,0.11633415855445295,2.2971188366407125,0.36990766533143554,box,IlMCksaJOdbyz7oo3C2pYmZ9Axp1,-MKqY9digfshodM_Lg1L,-MKqYIcVMd9fpMb335aE,target-click,2,-1.0,0,4.054,3.285,-2.099,3,5.240000009536743
154,1604011743.395,1604011747.259,target,click,6.397530718518422,1.9585167008274587,-0.5584117129490768,90,0,0,0.13870236826350346,0.13870236826350346,1.0,cylinder,IlMCksaJOdbyz7oo3C2pYmZ9Axp1,-MKqY9digfshodM_Lg1L,-MKqYCXYQAzhcr13t4Pn,target-click,2,-1.0,0,3.863,0.001,0.0,1,3.864000082015991
155,1604086570.123,1604086674.115,target,click,2.3658842554825013,2.1939220821174015,-3.066507170464046,0,90,90,0.19099670375698535,1.7267919555974673,0.3623114403396398,box,y720yhwpWOZCiGzRRywDPIVcFLJ2,-MKv-PNHgW7NsD_cEGdH,-MKv-dmAqfAdq0JAQu6B,target-click,28,-1.0,2,134.475,7.653,-38.136,13,103.99200010299683
156,1604086555.192,1604086564.847,target,click,1.6185800423934846,1.946356753362405,-0.33955938042395006,0,0,90,0.19099670375698535,1.7267919555974673,0.3623114403396398,box,y720yhwpWOZCiGzRRywDPIVcFLJ2,-MKv-PNHgW7NsD_cEGdH,-MKv-a7s5fsMTW_HxJOX,target-click,2,-1.0,0,4.005,-2.022,7.672,3,9.65499997138977
157,1604086543.325,1604086550.267,target,click,5.29595606350493,1.7795907837174583,-0.9734196574535041,90,0,0,0.12980629932067328,0.12980629932067328,1.0,cylinder,y720yhwpWOZCiGzRRywDPIVcFLJ2,-MKv-PNHgW7NsD_cEGdH,-MKv-YESzikZdxC7gKhi,target-click,2,-1.0,0,0.0,2.842,4.1,3,6.941999912261963
158,1604086679.163,1604086717.44,target,click,3.03119092897402,1.5493545257314545,1.747608558963993,0,45,90,0.19099670375698535,1.7267919555974673,0.3623114403396398,box,y720yhwpWOZCiGzRRywDPIVcFLJ2,-MKv-PNHgW7NsD_cEGdH,-MKv03OvujkAl4T5NyJS,target-click,13,-1.0,0,5.306,17.571,15.4,5,38.276999950408936
159,1604086527.153,1604086538.343,target,click,6.371589717823877,1.7967447713780964,-0.8995834195927906,90,0,0,0.12980629932067328,0.12980629932067328,1.0,cylinder,y720yhwpWOZCiGzRRywDPIVcFLJ2,-MKv-PNHgW7NsD_cEGdH,-MKv-UHl3get0CcA5hhl,target-click,2,-1.0,0,9.013,6.598,-4.421,3,11.18999981880188
160,1604011456.518,1604011563.424,arrow,press/release,3.087949222872073,1.9500059022187584,-2.9505411140992375,0,90,90,0.11553963827935158,2.282081246384891,0.34704317803948803,box,Um1XGnRxhQM8wyzR2IFQDejpiNx2,-MKqWqnlxGapqkGwB1pa,-MKqX6V5HaMrX8lahkOI,arrow-press/release,52,1604011976.506,0,112.078,-0.174,-4.998,9,106.9060001373291
161,1604011435.203,1604011452.376,arrow,press/release,3.305611914977389,1.3840234146225954,-1.0796459018792222,0,0,90,0.11553963827935158,2.282081246384891,0.34704317803948803,box,Um1XGnRxhQM8wyzR2IFQDejpiNx2,-MKqWqnlxGapqkGwB1pa,-MKqX1I2URzyOepbB3AV,arrow-press/release,10,7.28,0,1.711,28.182,-12.72,3,17.1729998588562
162,1604011423.92,1604011431.211,arrow,press/release,5.950141204743509,2.809537244857326,-1.7044096661625503,90,0,0,0.1488234192424026,0.1488234192424026,1.0,cylinder,Um1XGnRxhQM8wyzR2IFQDejpiNx2,-MKqWqnlxGapqkGwB1pa,-MKqWzXkuVsJz1wtfTbI,arrow-press/release,6,1604011435.066,0,7.291,0.0,0.0,1,7.290999889373779
163,1604011396.646,1604011420.077,arrow,press/release,6.201427148272294,2.084082566287905,-0.6301244756886889,90,0,0,0.1488234192424026,0.1488234192424026,1.0,cylinder,Um1XGnRxhQM8wyzR2IFQDejpiNx2,-MKqWqnlxGapqkGwB1pa,-MKqWssaszYPV6F0RZii,arrow-press/release,14,3208022840.536,0,28.829,0.0,-5.398,3,23.430999994277954
164,1604011567.604,1604011597.125,arrow,press/release,3.1901993276822167,2.2660479755835237,1.6794064865383032,0,45,90,0.11553963827935158,2.282081246384891,0.34704317803948803,box,Um1XGnRxhQM8wyzR2IFQDejpiNx2,-MKqWqnlxGapqkGwB1pa,-MKqXXboqjJCFAW2SITm,arrow-press/release,18,1604011591.266,0,9.121,10.198,10.202,5,29.520999908447266
165,1604085878.635,1604085891.497,drag,press/release,4.954948204403816,3.2486729189147265,-1.8193597346090564,90,0,0,0.12333117742893641,0.12333117742893641,1.0,cylinder,2B7umwtHMkZwc0MEKrqWvXO7eIs2,-MKuxvluvsUpzYopPz9t,-MKuy-xfn-8v3R68j7ds,drag-press/release,8,1604085878.498,0,9.749,0.0,3.113,2,12.861999988555908
166,1604085950.167,1604085983.637,drag,press/release,3.1857496720314313,2.81634891278317,-3.9619694999723327,0,90,90,0.11704708573448863,2.0241289942043172,0.30422968638899267,box,2B7umwtHMkZwc0MEKrqWvXO7eIs2,-MKuxvluvsUpzYopPz9t,-MKuyHQM4ADAJaKieYN_,drag-press/release,16,-1.113,0,15.231,11.576,6.663,4,33.47000002861023
167,1604085863.803,1604085873.326,drag,press/release,6.026489013444952,2.714181313788307,-0.5243858458941117,90,0,0,0.12333117742893641,0.12333117742893641,1.0,cylinder,2B7umwtHMkZwc0MEKrqWvXO7eIs2,-MKuxvluvsUpzYopPz9t,-MKuxxKv_CsovSiAa0j8,drag-press/release,6,1604085873.629,0,9.522,0.0,0.001,1,9.523000001907349
168,1604085897.23,1604085943.256,drag,press/release,2.022768410229431,2.9802393337144624,1.932007224982332,0,0,90,0.11704708573448863,2.0241289942043172,0.30422968638899267,box,2B7umwtHMkZwc0MEKrqWvXO7eIs2,-MKuxvluvsUpzYopPz9t,-MKuy4VDxwqraP26JT55,drag-press/release,26,-52.068,0,0.0,20.652,25.374,4,46.026000022888184
169,1604085990.556,1604086051.662,drag,press/release,2.021456937647924,1.941986914445725,-1.2484612037730676,0,45,90,0.11704708573448863,2.0241289942043172,0.30422968638899267,box,2B7umwtHMkZwc0MEKrqWvXO7eIs2,-MKuxvluvsUpzYopPz9t,-MKuyRHRWb47wyFkVTOl,drag-press/release,38,-18.069,0,16.906,77.411,-33.211,5,61.10599994659424
170,1604087032.712,1604087047.532,drag,press/release,6.154180000972273,3.498231623312138,-0.8311297355095812,90,0,0,0.1297027436975027,0.1297027436975027,1.0,cylinder,wL0S8wieOFalAxcapWoc0EBsAap1,-MKv1JHhuB00KpLHs_Dq,-MKv1Pi7we_cT90R5YB_,drag-press/release,4,7.132,0,27.448,-12.628,0.0,2,14.820000171661377
171,1604087109.359,1604087146.257,drag,press/release,3.248611144326202,1.46238868680181,-1.352573994445414,0,90,90,0.13199252491953445,2.257559325274075,0.3869849487034489,box,wL0S8wieOFalAxcapWoc0EBsAap1,-MKv1JHhuB00KpLHs_Dq,-MKv1hQkftabYSbvikKT,drag-press/release,10,3208174251.545,0,13.652,23.246,0.0,3,36.89800000190735
172,1604087055.042,1604087064.149,drag,press/release,5.447785870061081,2.0550782827477976,0.6170804147279769,90,0,0,0.1297027436975027,0.1297027436975027,1.0,cylinder,wL0S8wieOFalAxcapWoc0EBsAap1,-MKv1JHhuB00KpLHs_Dq,-MKv1VA1EPT7PzMvGyKb,drag-press/release,2,5.035,0,6.102,3.005,0.0,2,9.10699987411499
173,1604087072.644,1604087103.46,drag,press/release,2.1757278629628423,1.4632000036866484,-3.5536701005680023,0,0,90,0.13199252491953445,2.257559325274075,0.3869849487034489,box,wL0S8wieOFalAxcapWoc0EBsAap1,-MKv1JHhuB00KpLHs_Dq,-MKv1ZT3WiYfxjMOWP_c,drag-press/release,6,1604087105.881,0,16.973,23.573,-9.73,4,30.81599998474121
174,1604087152.677,1604087188.351,drag,press/release,3.0254120310852475,2.8254974131627923,0.09651048145707541,0,45,90,0.13199252491953445,2.257559325274075,0.3869849487034489,box,wL0S8wieOFalAxcapWoc0EBsAap1,-MKv1JHhuB00KpLHs_Dq,-MKv1s-_clQL5CpPu8-7,drag-press/release,8,1604087195.038,0,19.578,16.096,0.0,3,35.67400002479553
175,1604086193.558,1604086205.427,targetdrag,click,4.340815177573838,3.8763650473833637,-1.5491274698838693,90,0,0,0.12099827391423537,0.12099827391423537,1.0,cylinder,J1CtfF2mT0WQkW84lRfxR44miy73,-MKuz6EJz11YoQLGIPCT,-MKuzCqLG6DcEr4klIXW,targetdrag-click,4,-1.0,0,8.466,3.403,0.0,3,11.86899995803833
176,1604086232.357,1604086266.624,targetdrag,click,3.784944610138971,2.815276405978458,-3.544040115525124,0,90,90,0.1220473748477363,1.7739810020719309,0.3700177068409439,box,J1CtfF2mT0WQkW84lRfxR44miy73,-MKuz6EJz11YoQLGIPCT,-MKuzMJ_l-2sTehSQm1J,targetdrag-click,16,-1.0,1,22.075,22.145,-9.953,5,34.26699995994568
177,1604086271.0,1604086276.545,targetdrag,click,2.758329058292115,2.479180767380338,-2.1370001494180926,0,45,90,0.1220473748477363,1.7739810020719309,0.3700177068409439,box,J1CtfF2mT0WQkW84lRfxR44miy73,-MKuz6EJz11YoQLGIPCT,-MKuzVkOfGo142gWwZMl,targetdrag-click,2,-1.0,0,3.491,0.0,2.054,2,5.545000076293945
178,1604086172.377,1604086187.477,targetdrag,click,6.301851936877292,1.7401150583347555,-0.8685773742674288,90,0,0,0.12099827391423537,0.12099827391423537,1.0,cylinder,J1CtfF2mT0WQkW84lRfxR44miy73,-MKuz6EJz11YoQLGIPCT,-MKuz7fOCga8Jt9DFbpO,targetdrag-click,7,-1.0,0,23.909,-8.809,0.0,2,15.099999904632568
179,1604086209.863,1604086227.541,targetdrag,click,2.89738087044707,2.3598338534588197,-3.3646488953039144,0,0,90,0.1220473748477363,1.7739810020719309,0.3700177068409439,box,J1CtfF2mT0WQkW84lRfxR44miy73,-MKuz6EJz11YoQLGIPCT,-MKuzGp65G-IcttZSXE5,targetdrag-click,4,-1.0,0,0.002,17.676,0.0,2,17.67799997329712
180,1604086251.014,1604086275.006,drag,press/release,2.0949317588605223,1.2809836159305674,-3.3673103753906877,0,90,90,0.17011039339667935,1.832036521462852,0.32282972047550024,box,YY2m8uMPXLVrnLpYHqi4XNklDpK2,-MKuzDDfftTspOzKKqp1,-MKuzQs5p1jVcH9UCNLz,drag-press/release,18,63.227,0,26.53,8.951,-11.489,4,23.992000102996826
181,1604086207.303,1604086219.352,drag,press/release,6.093483756925998,2.1481110775498102,-0.85979436457148,90,0,0,0.13871707569223937,0.13871707569223937,1.0,cylinder,YY2m8uMPXLVrnLpYHqi4XNklDpK2,-MKuzDDfftTspOzKKqp1,-MKuzGC7uX7M1K6CZV7Q,drag-press/release,6,1604086221.963,0,5.248,11.534,-4.733,5,12.049000024795532
182,1604086235.951,1604086246.449,drag,press/release,3.627795177250845,1.377617079556336,-0.35315887020646564,0,0,90,0.17011039339667935,1.832036521462852,0.32282972047550024,box,YY2m8uMPXLVrnLpYHqi4XNklDpK2,-MKuzDDfftTspOzKKqp1,-MKuzNBjkEQ0jx2x-sg-,drag-press/release,8,1604086253.659,0,3.854,6.644,0.0,3,10.497999906539917
183,1604086224.053,1604086230.952,drag,press/release,4.493495503522629,2.25879683839545,-0.05917253084327734,90,0,0,0.13871707569223937,0.13871707569223937,1.0,cylinder,YY2m8uMPXLVrnLpYHqi4XNklDpK2,-MKuzDDfftTspOzKKqp1,-MKuzKHpIrlROR4dPSrX,drag-press/release,6,1604086228.092,0,9.626,-2.727,0.0,3,6.898999929428101
184,1604086279.276,1604086295.515,drag,press/release,2.4337551729285507,1.2254968151933188,0.21406049443485564,0,45,90,0.17011039339667935,1.832036521462852,0.32282972047550024,box,YY2m8uMPXLVrnLpYHqi4XNklDpK2,-MKuzDDfftTspOzKKqp1,-MKuzXlgiKLDxMV2fBLt,drag-press/release,14,1604086293.673,0,9.05,11.894,-4.705,3,16.23900008201599
185,1604014014.657,1604014024.772,arrow,press/release,6.156801608155145,1.8197641335924004,-0.8278881235223885,90,0,0,0.13554726627193478,0.13554726627193478,1.0,cylinder,pcMg8WKS6URz0dgOT61fIS2x2jg1,-MKqfpyOwNXq2oiAOwo-,-MKqfs20J6xZcU_EoUmy,arrow-press/release,6,1.125,0,18.956,-8.841,0.0,2,10.115000009536743
186,1604014049.293,1604014071.35,arrow,press/release,2.828519233151181,2.1276614095653397,-2.0297999633760346,0,0,90,0.11610790547233027,2.0027022036524262,0.38539980755874986,box,pcMg8WKS6URz0dgOT61fIS2x2jg1,-MKqfpyOwNXq2oiAOwo-,-MKqg-VDAsCVbVJJUMSB,arrow-press/release,12,-11.2,0,12.692,-7.939,17.304,4,22.056999921798706
187,1604014028.932,1604014045.048,arrow,press/release,4.27041538285919,2.5082536855016784,-1.1595008742581359,90,0,0,0.13554726627193478,0.13554726627193478,1.0,cylinder,pcMg8WKS6URz0dgOT61fIS2x2jg1,-MKqfpyOwNXq2oiAOwo-,-MKqfvX4O6xqOqGYBxQf,arrow-press/release,10,1604014040.238,0,9.951,20.035,-13.87,4,16.116000175476074
188,1604014132.456,1604014176.766,arrow,press/release,2.3724180020095385,1.038201345056002,-3.939545752863497,0,45,90,0.11610790547233027,2.0027022036524262,0.38539980755874986,box,pcMg8WKS6URz0dgOT61fIS2x2jg1,-MKqfpyOwNXq2oiAOwo-,-MKqgJncuJaNuTkhWDHd,arrow-press/release,22,4812042562.638,0,26.857,33.302,-15.849,8,44.30999994277954
189,1604014075.275,1604014128.425,arrow,press/release,2.6899832748235624,1.701542695586471,-3.094374547028977,0,90,90,0.11610790547233027,2.0027022036524262,0.38539980755874986,box,pcMg8WKS6URz0dgOT61fIS2x2jg1,-MKqfpyOwNXq2oiAOwo-,-MKqg5qAdMWE5gp1oNWA,arrow-press/release,30,69.059,0,40.309,11.683,1.158,7,53.14999985694885
190,1604012625.762,1604012629.376,drag,press/release,6.465329519706808,2.54025006741535,-0.7777949509057572,90,0,0,0.1331050836916699,0.1331050836916699,1.0,cylinder,UxuVLg75x0WUMQCAIlY74swWIJ73,-MKqaYqg1VLyglSrQgo3,-MKqaZxX3_d7T8uRlgsQ,drag-press/release,4,1.916,0,3.614,0.0,0.0,1,3.613999843597412
191,1604012684.677,1604012737.897,drag,press/release,3.9364033297185324,1.8113167588800665,1.068328105554885,0,90,90,0.13759907305469088,1.8273800488425591,0.3686065779583585,box,UxuVLg75x0WUMQCAIlY74swWIJ73,-MKqaYqg1VLyglSrQgo3,-MKqanL4p4_NDAMqSoj_,drag-press/release,6,1604012742.631,0,99.295,-46.075,0.0,3,53.22000002861023
192,1604012633.322,1604012639.44,drag,press/release,4.795298473145912,1.2536343359473754,-0.8053558763111137,90,0,0,0.1331050836916699,0.1331050836916699,1.0,cylinder,UxuVLg75x0WUMQCAIlY74swWIJ73,-MKqaYqg1VLyglSrQgo3,-MKqaane3Law40S_YkvL,drag-press/release,6,3208025276.916,0,4.782,1.336,0.0,2,6.118000030517578
193,1604012643.552,1604012680.888,drag,press/release,2.5179662538865597,1.969622786635746,0.1367657015941779,0,0,90,0.13759907305469088,1.8273800488425591,0.3686065779583585,box,UxuVLg75x0WUMQCAIlY74swWIJ73,-MKqaYqg1VLyglSrQgo3,-MKqadIVi4pw6bogoIZq,drag-press/release,22,1604012656.24,1,3.743,25.181,8.412,7,37.335999965667725
194,1604012741.611,1604012748.462,drag,press/release,2.17950407520107,2.322292185879354,-3.7198137967813096,0,45,90,0.13759907305469088,1.8273800488425591,0.3686065779583585,box,UxuVLg75x0WUMQCAIlY74swWIJ73,-MKqaYqg1VLyglSrQgo3,-MKqb0Ef0U5p8YJNRchL,drag-press/release,6,1.165,0,3.085,3.018,0.748,3,6.85099983215332
195,1604127936.624,1604128142.34,targetdrag,click,2.4072028002662997,1.2070159570435077,-2.639345350409741,0,90,90,0.15185115047674236,1.9204984864497245,0.31921575024849047,box,t3OaZ1oQaoUvi198ajJgP1LIn0J3,-MKxSfA1nxh3tEyij73E,-MKxTS0lc92T5ISjLhwV,targetdrag-click,18,-1.0,1,162.785,-26.641,69.572,8,205.71599984169006
196,1604128154.751,1604128568.262,targetdrag,click,2.140542314911269,1.6198602660122314,-3.206366898131063,0,45,90,0.15185115047674236,1.9204984864497245,0.31921575024849047,box,t3OaZ1oQaoUvi198ajJgP1LIn0J3,-MKxSfA1nxh3tEyij73E,-MKxUHH-58kGZ2TqGAVj,targetdrag-click,28,-1.0,2,118.437,-201.8,496.874,11,413.5110001564026
197,1604127802.949,1604127930.092,targetdrag,click,3.5562543692819713,2.158748738408854,1.746584679743039,0,0,90,0.15185115047674236,1.9204984864497245,0.31921575024849047,box,t3OaZ1oQaoUvi198ajJgP1LIn0J3,-MKxSfA1nxh3tEyij73E,-MKxSwO4TWS4vZCVsQRH,targetdrag-click,12,-1.0,3,0.0,101.941,25.202,2,127.14300012588501
198,1604127779.401,1604127795.397,targetdrag,click,4.820971314879297,2.3084862416309178,-0.4976809529211368,90,0,0,0.12697964972751016,0.12697964972751016,1.0,cylinder,t3OaZ1oQaoUvi198ajJgP1LIn0J3,-MKxSfA1nxh3tEyij73E,-MKxSqd8wUWlQ9VkhBzx,targetdrag-click,4,-1.0,0,0.0,7.502,8.494,3,15.996000051498413
199,1604127742.187,1604127771.497,targetdrag,click,6.383730737407552,2.7297178232694095,-0.6535190994664954,90,0,0,0.12697964972751016,0.12697964972751016,1.0,cylinder,t3OaZ1oQaoUvi198ajJgP1LIn0J3,-MKxSfA1nxh3tEyij73E,-MKxShYhxSiWzQAw131x,targetdrag-click,4,-1.0,0,25.426,11.714,-7.83,3,29.30999994277954
200,1604026297.934,1604026358.156,targetdrag,click,3.8652025579268794,1.2487153330798653,-0.25841394924102534,0,0,90,0.16423953693911475,1.9959100444136717,0.3353549074128918,box,ktIq9TeNHXQ2XNhYaXE9jsevIAT2,-MKrPai2_-6OqPAkg3sF,-MKrPitDO51seM85Zimz,targetdrag-click,22,-1.0,2,32.14,3.4,24.682,9,60.22199988365173
201,1604026287.891,1604026293.702,targetdrag,click,5.405917834987764,1.8743007701219951,-0.36870141743777163,90,0,0,0.12901305195912752,0.12901305195912752,1.0,cylinder,ktIq9TeNHXQ2XNhYaXE9jsevIAT2,-MKrPai2_-6OqPAkg3sF,-MKrPgRIl1XKVu93ad0I,targetdrag-click,2,-1.0,0,5.811,0.0,0.0,1,5.810999870300293
202,1604026423.011,1604026659.353,targetdrag,click,2.457589734752764,2.1351692115299987,-1.9297480931176985,0,45,90,0.16423953693911475,1.9959100444136717,0.3353549074128918,box,ktIq9TeNHXQ2XNhYaXE9jsevIAT2,-MKrPai2_-6OqPAkg3sF,-MKrQCQY8YyQT9Ej2eEK,targetdrag-click,94,-1.0,7,272.993,-197.225,160.574,17,236.3420000076294
203,1604026270.174,1604026283.589,targetdrag,click,6.323581004427748,2.7735856270939103,-0.5693867889186615,90,0,0,0.12901305195912752,0.12901305195912752,1.0,cylinder,ktIq9TeNHXQ2XNhYaXE9jsevIAT2,-MKrPai2_-6OqPAkg3sF,-MKrPc6TEzye35ZA_p5z,targetdrag-click,4,-1.0,1,6.048,7.367,0.0,3,13.414999961853027
204,1604026362.278,1604026418.959,targetdrag,click,3.5520270530593776,1.3017104860139757,-1.5533450609089199,0,90,90,0.16423953693911475,1.9959100444136717,0.3353549074128918,box,ktIq9TeNHXQ2XNhYaXE9jsevIAT2,-MKrPai2_-6OqPAkg3sF,-MKrPyaaGzkVZ-spmqGZ,targetdrag-click,22,-1.0,1,13.284,17.779,25.618,7,56.680999994277954
205,1604017185.106,1604017279.316,targetdrag,click,3.438780778153725,2.8938750403379645,0.5318829131964549,0,45,90,0.10324601144746483,1.8539079791878257,0.30229875398200223,box,Yf8xLeMycFOIOKlLUy0L9RVe0O12,-MKqqNZuJ5niJYSrYkhb,-MKqry4H6Yeg54yWV1rl,targetdrag-click,20,-1.0,0,46.482,57.323,-9.595,5,94.21000003814697
206,1604016857.224,1604017180.483,targetdrag,click,2.464353574021573,2.2755661565348198,1.308428152453045,0,90,90,0.10324601144746483,1.8539079791878257,0.30229875398200223,box,Yf8xLeMycFOIOKlLUy0L9RVe0O12,-MKqqNZuJ5niJYSrYkhb,-MKqqi17VW8loDJA18Dk,targetdrag-click,56,-1.0,11,230.058,-36.05,129.251,17,323.2590000629425
207,1604016815.671,1604016853.091,targetdrag,click,2.3840841413611136,2.1661519502573423,-0.1644350838046469,0,0,90,0.10324601144746483,1.8539079791878257,0.30229875398200223,box,Yf8xLeMycFOIOKlLUy0L9RVe0O12,-MKqqNZuJ5niJYSrYkhb,-MKqqYsrLW04h3qLmfWd,targetdrag-click,6,-1.0,0,44.19,25.585,-32.355,4,37.420000076293945
208,1604016774.297,1604016795.608,targetdrag,click,6.185726164205872,2.8943706898422,-0.9442955288313912,90,0,0,0.13156963080856515,0.13156963080856515,1.0,cylinder,Yf8xLeMycFOIOKlLUy0L9RVe0O12,-MKqqNZuJ5niJYSrYkhb,-MKqqOmO-oCSd-pb8zgU,targetdrag-click,6,-1.0,1,8.353,0.0,12.958,3,21.311000108718872
209,1604016800.582,1604016811.401,targetdrag,click,5.745657549756592,1.6696141886173852,0.8408695741902097,90,0,0,0.13156963080856515,0.13156963080856515,1.0,cylinder,Yf8xLeMycFOIOKlLUy0L9RVe0O12,-MKqqNZuJ5niJYSrYkhb,-MKqqVC5Poxgcy311b3x,targetdrag-click,4,-1.0,0,19.954,-9.135,0.0,2,10.819000005722046
210,1604085185.578,1604085196.683,target,click,6.428887423570161,3.2500401540587953,-0.920918579232247,90,0,0,0.12943432262036814,0.12943432262036814,1.0,cylinder,R4tEQsJDbVe4AfN8KEPmtmPfqi53,-MKuvL-lwos1HgrrWZJl,-MKuvMke2wimu8MdJ83T,target-click,2,-1.0,0,8.531,2.574,0.0,2,11.105000019073486
211,1604085530.837,1604085556.772,target,click,2.6290135810579454,2.679511416788707,-0.35682336324548913,0,45,90,0.14492685146756445,1.8938736212393368,0.3743431854257298,box,R4tEQsJDbVe4AfN8KEPmtmPfqi53,-MKuvL-lwos1HgrrWZJl,-MKuwg2K7f1lJj5P4K4O,target-click,10,-1.0,0,-10.585,50.956,-14.436,5,25.93500018119812
212,1604085258.792,1604085281.286,target,click,3.2065549667018103,2.9756977376036664,1.364419970916959,0,0,90,0.14492685146756445,1.8938736212393368,0.3743431854257298,box,R4tEQsJDbVe4AfN8KEPmtmPfqi53,-MKuvL-lwos1HgrrWZJl,-MKuvdcdI11htI6xd2F8,target-click,9,-1.0,0,0.0,7.057,15.437,4,22.49399995803833
213,1604085201.231,1604085254.77,target,click,4.316616267877308,1.3409874856766135,-0.6083361161325693,90,0,0,0.12943432262036814,0.12943432262036814,1.0,cylinder,R4tEQsJDbVe4AfN8KEPmtmPfqi53,-MKuvL-lwos1HgrrWZJl,-MKuvQ_En0Pu-_4EaYM7,target-click,19,-1.0,0,-29.897,79.923,3.513,7,53.539000034332275
214,1604085285.616,1604085526.723,target,click,3.649370621063825,2.1188265614144974,1.6819920640577468,0,90,90,0.14492685146756445,1.8938736212393368,0.3743431854257298,box,R4tEQsJDbVe4AfN8KEPmtmPfqi53,-MKuvL-lwos1HgrrWZJl,-MKuvkAkeeAYluNJd6uZ,target-click,107,-1.0,2,-31.261,64.573,207.795,20,241.10700011253357
215,1604011774.959,1604011852.486,panel,press/release,3.122654619258277,2.991408812373067,-3.0467426647212683,0,45,90,0.12838714972826026,2.027784395133755,0.3718545836894853,box,hJuph4ZspqdtmRK063jo0SOFH3R2,-MKqXgaTO_A0P-wh5K7N,-MKqYKEjol8eXHmZdYGf,panel-press/release,110,-101.635,0,27.116,72.209,-21.798,7,77.52699995040894
216,1604011661.876,1604011718.778,panel,press/release,3.896605845141815,2.3525283183137096,-3.0691894299712903,0,0,90,0.12838714972826026,2.027784395133755,0.3718545836894853,box,hJuph4ZspqdtmRK063jo0SOFH3R2,-MKqXgaTO_A0P-wh5K7N,-MKqXtcoaZIHlqBd1zmo,panel-press/release,92,76.405,0,30.637,5.264,21.001,7,56.902000188827515
217,1604011641.915,1604011657.343,panel,press/release,4.809401729520444,2.7942746255958895,-1.7736008420946896,90,0,0,0.1421642190757855,0.1421642190757855,1.0,cylinder,hJuph4ZspqdtmRK063jo0SOFH3R2,-MKqXgaTO_A0P-wh5K7N,-MKqXokvzPLSYnshaq6J,panel-press/release,16,21.749,0,0.001,15.427,0.0,3,15.42799997329712
218,1604011618.546,1604011637.084,panel,press/release,6.232902849499588,1.6118912140933328,-0.7486637845264351,90,0,0,0.1421642190757855,0.1421642190757855,1.0,cylinder,hJuph4ZspqdtmRK063jo0SOFH3R2,-MKqXgaTO_A0P-wh5K7N,-MKqXj2mbcaYSzFc2f6v,panel-press/release,26,11.714,0,18.536,12.626,-12.624,3,18.538000106811523
219,1604011723.337,1604011770.933,panel,press/release,2.9022734107738803,2.6170066839018524,-0.9103089021627562,0,90,90,0.12838714972826026,2.027784395133755,0.3718545836894853,box,hJuph4ZspqdtmRK063jo0SOFH3R2,-MKqXgaTO_A0P-wh5K7N,-MKqY7d84xs_opYEdnPX,panel-press/release,70,-83.528,1,25.157,5.516,16.923,6,47.59600019454956
220,1604086196.346,1604086199.877,targetdrag,click,6.068330952352959,2.484814077147365,-0.94732604780245,90,0,0,0.14291614462505267,0.14291614462505267,1.0,cylinder,1ld3U2ihvNhPXkO5RqFvTBVaxfC3,-MKuzBNcygJBayATL4TQ,-MKuzDWuQbOJRPEDb4cx,targetdrag-click,2,-1.0,0,3.531,0.0,0.0,1,3.5310001373291016
221,1604086223.644,1604086235.712,targetdrag,click,2.903476969883183,1.376335797530369,-2.485497477434887,0,0,90,0.15257000600203982,2.1799068949091285,0.30085746441684386,box,1ld3U2ihvNhPXkO5RqFvTBVaxfC3,-MKuzBNcygJBayATL4TQ,-MKuzKBRaMV1r3P_vktn,targetdrag-click,4,-1.0,0,8.412,3.656,0.0,2,12.067999839782715
222,1604086204.058,1604086219.809,targetdrag,click,4.879292745590417,2.183939597731415,0.6762151520263382,90,0,0,0.14291614462505267,0.14291614462505267,1.0,cylinder,1ld3U2ihvNhPXkO5RqFvTBVaxfC3,-MKuzBNcygJBayATL4TQ,-MKuzFPPIejj-jCdPhmK,targetdrag-click,8,-1.0,3,15.751,0.0,0.0,1,15.750999927520752
223,1604086265.105,1604086361.326,targetdrag,click,3.810235186838617,1.354177046620641,-0.2969655940649911,0,45,90,0.15257000600203982,2.1799068949091285,0.30085746441684386,box,1ld3U2ihvNhPXkO5RqFvTBVaxfC3,-MKuzBNcygJBayATL4TQ,-MKuzUJGSTX7XvHWFcHX,targetdrag-click,34,-1.0,2,97.267,55.143,-56.189,10,96.22099995613098
224,1604086239.819,1604086261.043,targetdrag,click,3.2845127180897205,2.423633652555006,1.9749924598465531,0,90,90,0.15257000600203982,2.1799068949091285,0.30085746441684386,box,1ld3U2ihvNhPXkO5RqFvTBVaxfC3,-MKuzBNcygJBayATL4TQ,-MKuzO8AamGgPLVdoZ8e,targetdrag-click,6,-1.0,0,0.0,3.045,18.179,3,21.223999977111816
225,1604086021.358,1604086063.791,arrow,press/release,2.9427791251315107,1.398922169386133,-0.9009570054335239,0,0,90,0.10092789136178985,2.031159399015317,0.3474493604426683,box,7tRDSVddXRbtmAMy9gpDil2oXrL2,-MKuyL6Hw6OYJJRS8RbF,-MKuyYnimFi-OPzxzAwy,arrow-press/release,14,-19.063,1,35.17,7.263,0.0,3,42.43299984931946
226,1604086109.132,1604086214.678,arrow,press/release,2.6503708570933515,2.3748066987275958,0.06540869651778003,0,45,90,0.10092789136178985,2.031159399015317,0.3474493604426683,box,7tRDSVddXRbtmAMy9gpDil2oXrL2,-MKuyL6Hw6OYJJRS8RbF,-MKuytEB1BVBDPD-X6hR,arrow-press/release,36,3208172748.596,0,158.655,-43.874,-9.235,8,105.5460000038147
227,1604085969.775,1604085981.58,arrow,press/release,6.1493646294604005,2.2749171174909764,-0.6681444927516009,90,0,0,0.14535978541807903,0.14535978541807903,1.0,cylinder,7tRDSVddXRbtmAMy9gpDil2oXrL2,-MKuyL6Hw6OYJJRS8RbF,-MKuyMCj3OrusGJDyFJc,arrow-press/release,4,1604085980.233,0,11.805,0.0,0.0,1,11.804999828338623
228,1604086068.218,1604086104.754,arrow,press/release,3.8834949192831627,2.0463914730337582,0.5132227217637384,0,90,90,0.10092789136178985,2.031159399015317,0.3474493604426683,box,7tRDSVddXRbtmAMy9gpDil2oXrL2,-MKuyL6Hw6OYJJRS8RbF,-MKuyjEuKNLPG1tJZNq4,arrow-press/release,14,1604086133.834,0,31.553,36.536,-31.553,3,36.53600001335144
229,1604085985.64,1604086014.669,arrow,press/release,4.82912436218008,3.441601661363355,-0.9576396161511911,90,0,0,0.14535978541807903,0.14535978541807903,1.0,cylinder,7tRDSVddXRbtmAMy9gpDil2oXrL2,-MKuyL6Hw6OYJJRS8RbF,-MKuyQ4cGzvIbc1I3MQ1,arrow-press/release,12,1604086049.468,0,24.427,4.602,0.0,2,29.02899980545044
230,1604092886.118,1604092903.204,target,click,3.4453507078136436,1.8467183613540392,-3.28664562135311,0,0,90,0.10815821371016379,2.0468914536381395,0.36207479494531597,box,sM6PHnBsGbT4whBx0g925vJzhvy1,-MKvNbKGpd_JaxJBRmsk,-MKvNjlaNE1hT129QJep,target-click,5,-1.0,0,6.403,10.683,0.0,3,17.085999965667725
231,1604092875.184,1604092881.82,target,click,4.318983280258651,1.9800847663725678,-0.10381668053309512,90,0,0,0.14749784891420084,0.14749784891420084,1.0,cylinder,sM6PHnBsGbT4whBx0g925vJzhvy1,-MKvNbKGpd_JaxJBRmsk,-MKvNh5kTPm-xaSXNr_2,target-click,3,-1.0,0,6.636,0.0,0.0,1,6.635999917984009
232,1604092858.401,1604092869.599,target,click,6.182026876718725,1.8255790753596433,-0.5774899914857119,90,0,0,0.14749784891420084,0.14749784891420084,1.0,cylinder,sM6PHnBsGbT4whBx0g925vJzhvy1,-MKvNbKGpd_JaxJBRmsk,-MKvNd-WsYhhcqFvP1j4,target-click,4,-1.0,0,1.4,9.798,0.0,3,11.197999954223633
233,1604092907.436,1604092936.88,target,click,3.612171825332147,2.7301929120531003,0.6140602899892009,0,90,90,0.10815821371016379,2.0468914536381395,0.36207479494531597,box,sM6PHnBsGbT4whBx0g925vJzhvy1,-MKvNbKGpd_JaxJBRmsk,-MKvNoyg0YdMi__mKWQG,target-click,6,-1.0,0,34.574,19.144,-24.274,4,29.444000005722046
234,1604092941.549,1604092972.556,target,click,2.671251129594165,2.662296360301087,0.3335415547214815,0,45,90,0.10815821371016379,2.0468914536381395,0.36207479494531597,box,sM6PHnBsGbT4whBx0g925vJzhvy1,-MKvNbKGpd_JaxJBRmsk,-MKvNxIhAOcp4XjtMLVk,target-click,9,-1.0,0,-14.217,0.0,45.224,4,31.006999969482422
235,1604086392.11,1604086507.268,arrow,press/release,2.075684835171678,2.505499483298515,-2.580628662715319,0,45,90,0.1893131190801734,2.1832305127467495,0.3505371648116546,box,Be4CXf88XagJCm6KT7GsumaKIOf2,-MKuzV5-xt_pYDaYsiR3,-MKuzyJivxdelwnKLHl1,arrow-press/release,70,6416346188.385,0,5.311,66.602,43.245,12,115.1579999923706
236,1604086304.292,1604086318.13,arrow,press/release,4.72921302932459,1.230751989842605,-1.6837788837265637,90,0,0,0.13877218683584372,0.13877218683584372,1.0,cylinder,Be4CXf88XagJCm6KT7GsumaKIOf2,-MKuzV5-xt_pYDaYsiR3,-MKuzcsZrzxqgVNLDQ75,arrow-press/release,8,16.606,0,15.162,-1.324,0.0,4,13.838000059127808
237,1604086294.635,1604086300.176,arrow,press/release,6.461219755112839,2.310994189094448,-0.9479273219446098,90,0,0,0.13877218683584372,0.13877218683584372,1.0,cylinder,Be4CXf88XagJCm6KT7GsumaKIOf2,-MKuzV5-xt_pYDaYsiR3,-MKuzaWfoHZFVZNqHBwu,arrow-press/release,4,1604086299.155,0,5.54,0.001,0.0,1,5.541000127792358
238,1604086322.441,1604086350.135,arrow,press/release,2.650798269786626,2.3506849634730114,-3.35117738711111,0,0,90,0.1893131190801734,2.1832305127467495,0.3505371648116546,box,Be4CXf88XagJCm6KT7GsumaKIOf2,-MKuzV5-xt_pYDaYsiR3,-MKuzhJ9vOSFlhGlDECj,arrow-press/release,20,4812259010.932,0,19.315,22.365,-13.986,4,27.694000005722046
239,1604086354.172,1604086388.347,arrow,press/release,3.3725209467938644,1.9177610291860687,-2.306800431813633,0,90,90,0.1893131190801734,2.1832305127467495,0.3505371648116546,box,Be4CXf88XagJCm6KT7GsumaKIOf2,-MKuzV5-xt_pYDaYsiR3,-MKuzp2wFPIJdNT1_qgw,arrow-press/release,26,1604086379.535,0,38.288,-30.725,26.612,6,34.174999952316284
240,1604115714.703,1604115724.009,panel,press/release,6.137030888127228,2.630318427136436,-0.5899783951675817,90,0,0,0.14427318394533428,0.14427318394533428,1.0,cylinder,2BD2dj1LR4RyLPoaeS2o72DBiaB3,-MKwjlPPl-0X_r4xC0D9,-MKwjp9LA_E8cnzLAlvg,panel-press/release,20,3208231443.456,0,9.306,0.0,0.0,1,9.305999994277954
241,1604116107.193,1604116157.7,panel,press/release,2.579500021322187,2.675122464938638,-3.8303459115025165,0,45,90,0.196358982330496,2.2854459912609046,0.31092300536244316,box,2BD2dj1LR4RyLPoaeS2o72DBiaB3,-MKwkb97LmpGdr6lBz9f,-MKwlJyu6Fmj02uNogYV,panel-press/release,42,169.285,0,4.119,28.956,17.432,5,50.50699996948242
242,1604115925.291,1604115951.671,panel,press/release,6.423477339800281,3.490623158581826,-0.8445876591025612,90,0,0,0.1363108832623113,0.1363108832623113,1.0,cylinder,2BD2dj1LR4RyLPoaeS2o72DBiaB3,-MKwkb97LmpGdr6lBz9f,-MKwkcZfTuja3YTDHLaH,panel-press/release,52,1604115992.844,0,22.976,3.401,0.003,2,26.380000114440918
243,1604116003.931,1604116102.297,panel,press/release,3.519631586131275,1.6045023457258427,-2.343780432030418,0,90,90,0.196358982330496,2.2854459912609046,0.31092300536244316,box,2BD2dj1LR4RyLPoaeS2o72DBiaB3,-MKwkb97LmpGdr6lBz9f,-MKwkvlQr9AuxupBBTcF,panel-press/release,108,1604116204.35,0,-4.227,0.001,102.592,7,98.3659999370575
244,1604115957.309,1604115998.89,panel,press/release,1.7559128310905245,1.0094659337345195,-3.5154413738845958,0,0,90,0.196358982330496,2.2854459912609046,0.31092300536244316,box,2BD2dj1LR4RyLPoaeS2o72DBiaB3,-MKwkb97LmpGdr6lBz9f,-MKwkkNxlxYV7Gs0ZkZK,panel-press/release,38,1604115948.665,0,38.349,35.68,-32.448,4,41.581000089645386
245,1604086447.064,1604086497.436,arrow,press/release,3.8684196054268227,1.5810968705813897,0.6391318160625037,0,45,90,0.19744072896173592,1.7601203011647983,0.3232181649823862,box,rZe9z0KPKfQeEX016aU3WkCco153,-MKuz68bbtZe4rznsCh_,-MKv-AjNt6OkBZPKtSe2,arrow-press/release,28,91.966,0,32.614,8.54,9.218,5,50.372000217437744
246,1604086251.773,1604086442.756,arrow,press/release,3.1317725477731635,1.9139689117045178,-2.2901198803482075,0,90,90,0.19744072896173592,1.7601203011647983,0.3232181649823862,box,rZe9z0KPKfQeEX016aU3WkCco153,-MKuz68bbtZe4rznsCh_,-MKuzR2xrLigX186YX78,arrow-press/release,90,1604086233.855,3,121.484,-98.777,168.276,22,190.98300004005432
247,1604086208.246,1604086247.356,arrow,press/release,3.433391959375264,1.2296449876722986,-0.5674839310680619,0,0,90,0.19744072896173592,1.7601203011647983,0.3232181649823862,box,rZe9z0KPKfQeEX016aU3WkCco153,-MKuz68bbtZe4rznsCh_,-MKuzGQqPz4nrXPABAmD,arrow-press/release,16,4812258691.541,0,37.034,2.075,0.001,4,39.109999895095825
248,1604086177.468,1604086188.584,arrow,press/release,6.391756733803164,3.4517574519550616,-0.8426381121764633,90,0,0,0.12459266146765377,0.12459266146765377,1.0,cylinder,rZe9z0KPKfQeEX016aU3WkCco153,-MKuz68bbtZe4rznsCh_,-MKuz8uwkWeABSsAuHrR,arrow-press/release,6,3208172375.665,0,20.658,0.0,-9.542,2,11.116000175476074
249,1604086193.928,1604086203.766,arrow,press/release,5.869238918654003,2.1030262286793047,-0.9645339571843552,90,0,0,0.12459266146765377,0.12459266146765377,1.0,cylinder,rZe9z0KPKfQeEX016aU3WkCco153,-MKuz68bbtZe4rznsCh_,-MKuzCw7FLr-EAd4f2j_,arrow-press/release,4,3208172403.052,0,4.862,-4.861,9.837,3,9.838000059127808
250,1604088710.414,1604088746.53,panel,press/release,3.6254286720883853,1.816819422428681,1.5870251933541333,0,0,90,0.16018359549246594,2.1484637122792294,0.3287802739992286,box,ziLm9NEdJWQBLmqKsswNbsoGFSj2,-MKv7ZwAdUAKypQU4VjL,-MKv7oJD_bHJ0lPoP0N8,panel-press/release,74,4812266303.377,0,14.905,-26.896,48.107,4,36.115999937057495
251,1604088805.896,1604088867.651,panel,press/release,3.859386144575378,2.2839498430893297,0.7675002846721624,0,45,90,0.16018359549246594,2.1484637122792294,0.3287802739992286,box,ziLm9NEdJWQBLmqKsswNbsoGFSj2,-MKv7ZwAdUAKypQU4VjL,-MKv8Ac7abe_Js5Kwl9J,panel-press/release,142,3208178075.045,0,14.466,-15.636,62.925,6,61.75500011444092
252,1604088688.257,1604088704.609,panel,press/release,4.312633055210087,1.1633231000630444,-1.4342469866286223,90,0,0,0.14781356676829394,0.14781356676829394,1.0,cylinder,ziLm9NEdJWQBLmqKsswNbsoGFSj2,-MKv7ZwAdUAKypQU4VjL,-MKv7iu0cXDqgD6nRETA,panel-press/release,24,3208177359.216,0,14.22,2.132,0.0,3,16.35199999809265
253,1604088655.216,1604088683.128,panel,press/release,6.437290753619031,2.280968980186699,-0.8261479202036326,90,0,0,0.14781356676829394,0.14781356676829394,1.0,cylinder,ziLm9NEdJWQBLmqKsswNbsoGFSj2,-MKv7ZwAdUAKypQU4VjL,-MKv7apkXJ9Cd_d1ZhDz,panel-press/release,38,66.89,1,51.687,-23.775,0.0,2,27.911999940872192
254,1604088753.066,1604088801.298,panel,press/release,3.9944549739837063,2.846085069147891,0.4100477821747539,0,90,90,0.16018359549246594,2.1484637122792294,0.3287802739992286,box,ziLm9NEdJWQBLmqKsswNbsoGFSj2,-MKv7ZwAdUAKypQU4VjL,-MKv7yieLsF5ARessTCQ,panel-press/release,104,222.869,0,27.04,46.543,-25.351,6,48.23200011253357
255,1604085778.137,1604085818.373,targetdrag,click,2.467091584488072,1.79971901416905,-3.3479977074911225,0,90,90,0.12295604017395287,1.957278349935379,0.3046449570687549,box,5SzbbnAWq5SbbxIZMDdaoEraNWp1,-MKuwzrmVv9EDIvRMYJo,-MKuxcQOMjboTWJWAAKD,targetdrag-click,12,-1.0,0,-22.974,14.562,48.648,5,40.23599982261658
256,1604085635.979,1604085640.336,targetdrag,click,5.376806747145695,3.22163453484971,-1.2958978911945633,90,0,0,0.12040457055111599,0.12040457055111599,1.0,cylinder,5SzbbnAWq5SbbxIZMDdaoEraNWp1,-MKuwzrmVv9EDIvRMYJo,-MKux4iAQGggI5Hf-7gh,targetdrag-click,2,-1.0,0,0.0,2.531,1.826,2,4.35699987411499
257,1604085620.69,1604085631.5,targetdrag,click,6.243155305537703,3.2445785107681884,-0.803611947285236,90,0,0,0.12040457055111599,0.12040457055111599,1.0,cylinder,5SzbbnAWq5SbbxIZMDdaoEraNWp1,-MKuwzrmVv9EDIvRMYJo,-MKux0zHkB-cyUT9_kpw,targetdrag-click,4,-1.0,0,9.424,-4.81,6.196,3,10.809999942779541
258,1604085645.108,1604085773.506,targetdrag,click,3.947022084028032,2.6820183156348993,1.7512418126895604,0,0,90,0.12295604017395287,1.957278349935379,0.3046449570687549,box,5SzbbnAWq5SbbxIZMDdaoEraNWp1,-MKuwzrmVv9EDIvRMYJo,-MKux6woN1N-HDK7fO4S,targetdrag-click,42,-1.0,2,154.352,5.712,-31.666,10,128.39800000190735
259,1604085823.669,1604085918.663,targetdrag,click,3.453783936423897,1.0860046546674567,1.1029902045019568,0,45,90,0.12295604017395287,1.957278349935379,0.3046449570687549,box,5SzbbnAWq5SbbxIZMDdaoEraNWp1,-MKuwzrmVv9EDIvRMYJo,-MKuxnXp4kZV9h_zOF8m,targetdrag-click,34,-1.0,2,7.134,119.7,-31.84,9,94.99400019645691
260,1604086495.83,1604086511.74,arrow,press/release,6.445728036708557,1.6566634519487304,-0.6142007583430558,90,0,0,0.14491592427695044,0.14491592427695044,1.0,cylinder,1pGP3Ti9OSSQ7ZzKEc5GcuHgyYg1,-MKv-LDoU_ZWfSQCXFQ8,-MKv-MdL8odSJgBmRuKf,arrow-press/release,8,7.229,0,11.612,4.298,0.0,2,15.910000085830688
261,1604086516.872,1604086522.725,arrow,press/release,5.399305912283723,2.922085937052623,-0.8836970510588817,90,0,0,0.14491592427695044,0.14491592427695044,1.0,cylinder,1pGP3Ti9OSSQ7ZzKEc5GcuHgyYg1,-MKv-LDoU_ZWfSQCXFQ8,-MKv-Rm7-jqlWLonDlem,arrow-press/release,2,2.35,0,3.212,2.641,0.0,2,5.852999925613403
262,1604086738.719,1604086856.063,arrow,press/release,2.9518277131533344,2.206628530726185,0.005970921267048013,0,45,90,0.1588137196409276,1.9062388868869542,0.35251417726754747,box,1pGP3Ti9OSSQ7ZzKEc5GcuHgyYg1,-MKv-LDoU_ZWfSQCXFQ8,-MKv0HwUKLtOSj5AD-8h,arrow-press/release,32,-127.751,0,130.871,66.913,-80.44,9,117.3439998626709
263,1604086526.905,1604086561.703,arrow,press/release,1.765179810478862,2.0716672133571294,-2.2191578021142466,0,0,90,0.1588137196409276,1.9062388868869542,0.35251417726754747,box,1pGP3Ti9OSSQ7ZzKEc5GcuHgyYg1,-MKv-LDoU_ZWfSQCXFQ8,-MKv-UDtpmKjcRHj5Lk3,arrow-press/release,14,34.74,0,23.414,20.258,-8.874,4,34.79800009727478
264,1604086566.236,1604086730.042,arrow,press/release,2.3137965006679506,2.107932550838006,-2.573288251231906,0,90,90,0.1588137196409276,1.9062388868869542,0.35251417726754747,box,1pGP3Ti9OSSQ7ZzKEc5GcuHgyYg1,-MKv-LDoU_ZWfSQCXFQ8,-MKv-cpRRg6Pd_Q_sLU4,arrow-press/release,38,1604086267.3,0,296.666,-179.039,46.179,10,163.80599999427795
265,1604014366.105,1604014384.364,drag,press/release,4.985298586359819,3.4734729636616706,0.5570937868650949,90,0,0,0.12186433144537723,0.12186433144537723,1.0,cylinder,9xnBqt22OPcQnpS175UslVPl4Od2,-MKqh59t5m0Mvr2fBfJW,-MKqhCqOfWIWxugU_9qs,drag-press/release,4,1604014382.204,0,11.425,-11.424,18.258,3,18.259000062942505
266,1604014422.397,1604014473.526,drag,press/release,3.567171237400569,2.4523423850588375,-0.22080124843028104,0,90,90,0.1477866401742609,1.9059008919014127,0.38795210302005,box,9xnBqt22OPcQnpS175UslVPl4Od2,-MKqh59t5m0Mvr2fBfJW,-MKqhQ_xTN_Dq8ooLCW5,drag-press/release,18,66.513,0,36.803,-2.622,16.948,6,51.12899994850159
267,1604014389.054,1604014418.464,drag,press/release,2.526481352661657,1.676104037782498,-3.7916100860214916,0,0,90,0.1477866401742609,1.9059008919014127,0.38795210302005,box,9xnBqt22OPcQnpS175UslVPl4Od2,-MKqh59t5m0Mvr2fBfJW,-MKqhIRymtP093Dag_Ps,drag-press/release,10,1604014399.335,0,-17.42,38.907,7.923,5,29.41000008583069
268,1604014348.19,1604014361.672,drag,press/release,6.056799427976233,2.8453833449527397,-0.9386680316457257,90,0,0,0.12186433144537723,0.12186433144537723,1.0,cylinder,9xnBqt22OPcQnpS175UslVPl4Od2,-MKqh59t5m0Mvr2fBfJW,-MKqh8TTBbY4UHiNb3Y-,drag-press/release,6,6.657,0,6.904,0.001,6.577,4,13.48199987411499
269,1604014477.343,1604014495.005,drag,press/release,2.1598122237919744,1.629845117992983,-2.86100355037999,0,45,90,0.1477866401742609,1.9059008919014127,0.38795210302005,box,9xnBqt22OPcQnpS175UslVPl4Od2,-MKqh59t5m0Mvr2fBfJW,-MKqhd-UO3N56EnGVyRZ,drag-press/release,10,1604014496.665,0,23.693,9.993,-16.024,3,17.66200017929077
270,1604085354.217,1604085372.172,arrow,press/release,2.0671273848988245,2.644934184611284,0.7528050415972238,0,45,90,0.1947428763789473,1.7615345317095292,0.36460885163099255,box,pp2sUL9W9tbyhU5pcd3BfaF6qgZ2,-MKuvfDKHXk5-QeH0D2I,-MKuw-vdGib-30ZPvgyj,arrow-press/release,10,4812256099.425,0,7.911,17.954,-7.91,2,17.954999923706055
271,1604085280.417,1604085287.581,arrow,press/release,4.483123544634658,2.2863989090982986,0.8733434599824497,90,0,0,0.1314011412257201,0.1314011412257201,1.0,cylinder,pp2sUL9W9tbyhU5pcd3BfaF6qgZ2,-MKuvfDKHXk5-QeH0D2I,-MKuviuW9OJGTeBRpCMQ,arrow-press/release,4,3208170572.585,0,7.163,0.001,0.0,1,7.164000034332275
272,1604085291.643,1604085297.707,arrow,press/release,3.3449300571812994,2.5226797716844342,-3.349024726658643,0,0,90,0.1947428763789473,1.7615345317095292,0.36460885163099255,box,pp2sUL9W9tbyhU5pcd3BfaF6qgZ2,-MKuvfDKHXk5-QeH0D2I,-MKuvldvTOKorz_lFCat,arrow-press/release,4,1604085298.529,0,6.064,0.0,0.0,1,6.064000129699707
273,1604085269.879,1604085276.269,arrow,press/release,6.485748844367207,2.301274060673107,-0.813855722217149,90,0,0,0.1314011412257201,0.1314011412257201,1.0,cylinder,pp2sUL9W9tbyhU5pcd3BfaF6qgZ2,-MKuvfDKHXk5-QeH0D2I,-MKuvgKrbPkFOoYlmb9B,arrow-press/release,4,0.565,0,6.39,0.0,0.0,1,6.390000104904175
274,1604085301.825,1604085350.232,arrow,press/release,3.2954879970772177,1.9804696474046546,1.194740073652266,0,90,90,0.1947428763789473,1.7615345317095292,0.36460885163099255,box,pp2sUL9W9tbyhU5pcd3BfaF6qgZ2,-MKuvfDKHXk5-QeH0D2I,-MKuvo80pzivGZyj-d_u,arrow-press/release,30,3208170747.431,0,25.176,2.368,20.863,4,48.40700006484985
275,1604085923.228,1604085942.629,arrow,press/release,5.915211810475659,3.627225881867739,-1.4471379897269725,90,0,0,0.12852307147075667,0.12852307147075667,1.0,cylinder,Ck7TF84oJzY86wW62d0Rt0vpb933,-MKuy4DG_LE0W6f-w2s4,-MKuyAqRPcmSATwiyn4a,arrow-press/release,6,5.552,0,0.001,9.57,9.83,3,19.401000022888184
276,1604085904.664,1604085917.887,arrow,press/release,6.3891763250906575,2.3341338385228525,-0.9661213315865536,90,0,0,0.12852307147075667,0.12852307147075667,1.0,cylinder,Ck7TF84oJzY86wW62d0Rt0vpb933,-MKuy4DG_LE0W6f-w2s4,-MKuy6JNolg3NWcI73-K,arrow-press/release,4,8.336,0,13.221,0.002,0.0,2,13.223000049591064
277,1604086196.213,1604086284.492,arrow,press/release,3.4442057833475066,1.1857507609028137,-1.748337167146853,0,45,90,0.1502019837610913,1.7204756758149682,0.3747724787371135,box,Ck7TF84oJzY86wW62d0Rt0vpb933,-MKuy4DG_LE0W6f-w2s4,-MKuzDUpQulWIBAuHUrH,arrow-press/release,50,9624517482.392,0,47.078,68.329,-27.128,7,88.27900004386902
278,1604085946.983,1604085958.084,arrow,press/release,3.773708096495965,2.463570338613618,-1.0729981528514765,0,0,90,0.1502019837610913,1.7204756758149682,0.3747724787371135,box,Ck7TF84oJzY86wW62d0Rt0vpb933,-MKuy4DG_LE0W6f-w2s4,-MKuyGdbYP3BSUV6oaBX,arrow-press/release,4,10.762,0,-2.808,11.1,2.809,2,11.1010000705719
279,1604085962.441,1604086191.626,arrow,press/release,2.0509955298167846,1.305607167522571,-0.8169670225978498,0,90,90,0.1502019837610913,1.7204756758149682,0.3747724787371135,box,Ck7TF84oJzY86wW62d0Rt0vpb933,-MKuy4DG_LE0W6f-w2s4,-MKuyKQ8Ja6zul9hfzqP,arrow-press/release,118,1604086429.693,1,226.993,12.27,-10.078,18,229.18499994277954
280,1604088062.165,1604088065.443,drag,press/release,4.016066242602889,2.625296887597754,-1.5582320656820623,90,0,0,0.1333825107206956,0.1333825107206956,1.0,cylinder,NHCS0h08fqQSZZr3kPxQPnv1GAx2,-MKv5G2NkZmWMwug9lQG,-MKv5L2KcQlTijUJWFdH,drag-press/release,2,1604088065.201,0,3.278,0.0,0.0,1,3.2780001163482666
281,1604088069.257,1604088083.836,drag,press/release,1.5787586424151159,1.0836752371535616,-2.717600676960685,0,0,90,0.15278399759571948,1.8822864973526585,0.3388285125557585,box,NHCS0h08fqQSZZr3kPxQPnv1GAx2,-MKv5G2NkZmWMwug9lQG,-MKv5Mm8mSWglF3cGdyt,drag-press/release,10,3208176158.347,0,19.371,-4.792,0.0,3,14.578999996185303
282,1604088054.947,1604088058.182,drag,press/release,6.462221766457258,2.0298728619538684,-0.5205091624474731,90,0,0,0.1333825107206956,0.1333825107206956,1.0,cylinder,NHCS0h08fqQSZZr3kPxQPnv1GAx2,-MKv5G2NkZmWMwug9lQG,-MKv5JHY41HQWs4gBE6C,drag-press/release,2,1604088057.973,0,3.235,0.0,0.0,1,3.234999895095825
283,1604088087.655,1604088105.863,drag,press/release,3.8911320698185423,2.9599891288932536,0.30058079833248286,0,90,90,0.15278399759571948,1.8822864973526585,0.3388285125557585,box,NHCS0h08fqQSZZr3kPxQPnv1GAx2,-MKv5G2NkZmWMwug9lQG,-MKv5RGbX9P2nrM9Kqrh,drag-press/release,12,3.614,0,26.496,4.323,-12.611,4,18.20799994468689
284,1604088109.606,1604088122.808,drag,press/release,3.5972162503042124,2.8705078553199836,1.7023669341026082,0,45,90,0.15278399759571948,1.8822864973526585,0.3388285125557585,box,NHCS0h08fqQSZZr3kPxQPnv1GAx2,-MKv5G2NkZmWMwug9lQG,-MKv5WcazcXzWBNloRjl,drag-press/release,10,4812264349.739,0,8.285,-2.278,7.195,4,13.202000141143799
